date,season,competition,league_match,home_team,away_team,home_score,away_score,home_pen,away_pen,penalties,shootout_winner,neutral,venue,event_id,stage
1997-07-15,1996,CONCACAF CL,False,C.S.D. Comunicaciones,Seattle Sounders (1994–2008),2,0,,,False,,False,,wiki-ccc-1996-1997-07-15-C.S.D. Comunicaciones-Seattle Sounders (1994–2008),
1997-07-15,1996,CONCACAF CL,False,Necaxa,Cruz Azul,1,1,,,False,,False,,wiki-ccc-1996-1997-07-15-Necaxa-Cruz Azul,
1997-07-18,1996,CONCACAF CL,False,Seattle Sounders (1994–2008),Necaxa,1,4,,,False,,False,,wiki-ccc-1996-1997-07-18-Seattle Sounders (1994–2008)-Necaxa,
1997-07-18,1996,CONCACAF CL,False,C.S.D. Comunicaciones,Cruz Azul,1,2,,,False,,False,,wiki-ccc-1996-1997-07-18-C.S.D. Comunicaciones-Cruz Azul,
1997-07-20,1996,CONCACAF CL,False,C.S.D. Comunicaciones,Necaxa,3,3,,,False,,False,,wiki-ccc-1996-1997-07-20-C.S.D. Comunicaciones-Necaxa,
1997-07-20,1996,CONCACAF CL,False,Seattle Sounders (1994–2008),Cruz Azul,0,11,,,False,,False,,wiki-ccc-1996-1997-07-20-Seattle Sounders (1994–2008)-Cruz Azul,
1997-08-12,1997,CONCACAF CL,False,LA Galaxy,C.D. Luis Ángel Firpo,2,0,,,False,,False,,wiki-ccc-1997-1997-08-12-LA Galaxy-C.D. Luis Ángel Firpo,
1997-08-12,1997,CONCACAF CL,False,D.C. United,United Petrotrin,1,0,,,False,,False,,wiki-ccc-1997-1997-08-12-D.C. United-United Petrotrin,
1997-08-16,1997,CONCACAF CL,False,Cruz Azul,CSD Comunicaciones,5,0,,,False,,False,,wiki-ccc-1997-1997-08-16-Cruz Azul-CSD Comunicaciones,
1997-08-17,1997,CONCACAF CL,False,Guadalajara,C.S. Cartaginés,1,0,,,False,,False,,wiki-ccc-1997-1997-08-17-Guadalajara-C.S. Cartaginés,
1997-08-22,1997,CONCACAF CL,False,D.C. United,LA Galaxy,0,1,,,False,,False,,wiki-ccc-1997-1997-08-22-D.C. United-LA Galaxy,
1997-08-22,1997,CONCACAF CL,False,Guadalajara,Cruz Azul,2,3,,,False,,False,,wiki-ccc-1997-1997-08-22-Guadalajara-Cruz Azul,
1997-08-24,1997,CONCACAF CL,False,D.C. United,Guadalajara,2,2,,,False,,False,,wiki-ccc-1997-1997-08-24-D.C. United-Guadalajara,
1997-08-24,1997,CONCACAF CL,False,LA Galaxy,Cruz Azul,3,5,,,False,,False,,wiki-ccc-1997-1997-08-24-LA Galaxy-Cruz Azul,
1998-06-29,1998,CONCACAF CL,False,Colorado Rapids,León,1,0,,,False,,False,,wiki-ccc-1998-1998-06-29-Colorado Rapids-León,
1998-07-15,1998,CONCACAF CL,False,León,Colorado Rapids,4,2,,,False,,False,,wiki-ccc-1998-1998-07-15-León-Colorado Rapids,
1998-08-11,1998,CONCACAF CL,False,D.C. United,Joe Public F.C.,8,0,,,False,,False,,wiki-ccc-1998-1998-08-11-D.C. United-Joe Public F.C.,
1998-08-11,1998,CONCACAF CL,False,Cruz Azul,Deportivo Saprissa,0,0,3,5,True,Deportivo Saprissa,False,,wiki-ccc-1998-1998-08-11-Cruz Azul-Deportivo Saprissa,
1998-08-12,1998,CONCACAF CL,False,León,C.D. Luis Ángel Firpo,1,1,3,2,True,León,False,,wiki-ccc-1998-1998-08-12-León-C.D. Luis Ángel Firpo,
1998-08-12,1998,CONCACAF CL,False,Toluca,Liga Deportiva Alajuelense,2,0,,,False,,False,,wiki-ccc-1998-1998-08-12-Toluca-Liga Deportiva Alajuelense,
1998-08-14,1998,CONCACAF CL,False,D.C. United,León,2,0,,,False,,False,,wiki-ccc-1998-1998-08-14-D.C. United-León,
1998-08-14,1998,CONCACAF CL,False,Deportivo Toluca,Deportivo Saprissa,1,1,,,False,,False,,wiki-ccc-1998-1998-08-14-Deportivo Toluca-Deportivo Saprissa,
1998-08-16,1998,CONCACAF CL,False,León,C.D. Saprissa,0,2,,,False,,False,,wiki-ccc-1998-1998-08-16-León-C.D. Saprissa,
1998-08-16,1998,CONCACAF CL,False,D.C. United,Deportivo Toluca,1,0,,,False,,False,,wiki-ccc-1998-1998-08-16-D.C. United-Deportivo Toluca,
1999-08-18,1999,CONCACAF CL,False,LA Galaxy,Necaxa,1,1,3,4,True,Necaxa,False,,wiki-ccc-1999-1999-08-18-LA Galaxy-Necaxa,
1999-09-28,1999,CONCACAF CL,False,Liga Deportiva Alajuelense,Toluca,1,0,,,False,,False,,wiki-ccc-1999-1999-09-28-Liga Deportiva Alajuelense-Toluca,
1999-09-28,1999,CONCACAF CL,False,Chicago Fire Soccer Club,Joe Public F.C.,2,0,,,False,,False,,wiki-ccc-1999-1999-09-28-Chicago Fire Soccer Club-Joe Public F.C.,
1999-09-29,1999,CONCACAF CL,False,Necaxa,Deportivo Saprissa,3,2,,,False,,False,,wiki-ccc-1999-1999-09-29-Necaxa-Deportivo Saprissa,
1999-09-29,1999,CONCACAF CL,False,D.C. United,Club Deportivo Olimpia,1,0,,,False,,False,,wiki-ccc-1999-1999-09-29-D.C. United-Club Deportivo Olimpia,
1999-10-01,1999,CONCACAF CL,False,Liga Deportiva Alajuelense,Chicago Fire Soccer Club,1,1,5,4,True,Liga Deportiva Alajuelense,False,,wiki-ccc-1999-1999-10-01-Liga Deportiva Alajuelense-Chicago Fire Soccer Club,
1999-10-01,1999,CONCACAF CL,False,D.C. United,Necaxa,1,3,,,False,,False,,wiki-ccc-1999-1999-10-01-D.C. United-Necaxa,
1999-10-03,1999,CONCACAF CL,False,Chicago Fire Soccer Club,D.C. United,2,2,,,False,,False,,wiki-ccc-1999-1999-10-03-Chicago Fire Soccer Club-D.C. United,
1999-10-03,1999,CONCACAF CL,False,Necaxa,Liga Deportiva Alajuelense,2,1,,,False,,False,,wiki-ccc-1999-1999-10-03-Necaxa-Liga Deportiva Alajuelense,
2001-01-16,2000,CONCACAF CL,False,Toluca,Club Deportivo Olimpia,0,1,,,False,,False,,wiki-ccc-2000-2001-01-16-Toluca-Club Deportivo Olimpia,
2001-01-16,2000,CONCACAF CL,False,Pachuca,Joe Public F.C.,1,0,,,False,,False,,wiki-ccc-2000-2001-01-16-Pachuca-Joe Public F.C.,
2001-01-17,2000,CONCACAF CL,False,D.C. United,Liga Deportiva Alajuelense,2,1,,,False,,False,,wiki-ccc-2000-2001-01-17-D.C. United-Liga Deportiva Alajuelense,
2001-01-17,2000,CONCACAF CL,False,LA Galaxy,Real C.D. España,0,0,5,3,True,LA Galaxy,False,,wiki-ccc-2000-2001-01-17-LA Galaxy-Real C.D. España,
2001-01-19,2000,CONCACAF CL,False,Club Deportivo Olimpia,Pachuca,4,0,,,False,,False,,wiki-ccc-2000-2001-01-19-Club Deportivo Olimpia-Pachuca,
2001-01-19,2000,CONCACAF CL,False,LA Galaxy,D.C. United,1,1,4,2,True,LA Galaxy,False,,wiki-ccc-2000-2001-01-19-LA Galaxy-D.C. United,
2001-01-21,2000,CONCACAF CL,False,D.C. United,Pachuca,1,2,,,False,,False,,wiki-ccc-2000-2001-01-21-D.C. United-Pachuca,
2001-01-21,2000,CONCACAF CL,False,LA Galaxy,C.D. Olimpia,3,2,,,False,,False,,wiki-ccc-2000-2001-01-21-LA Galaxy-C.D. Olimpia,
2002-03-13,2002,CONCACAF CL,False,San Jose Earthquakes,Club Deportivo Olimpia,1,0,,,False,,False,,wiki-ccc-2002-2002-03-13-San Jose Earthquakes-Club Deportivo Olimpia,
2002-03-16,2002,CONCACAF CL,False,Club Deportivo Olimpia,San Jose Earthquakes,1,3,,,False,,False,,wiki-ccc-2002-2002-03-16-Club Deportivo Olimpia-San Jose Earthquakes,
2003-03-21,2002,CONCACAF CL,False,Deportivo Saprissa,Atlético Morelia,1,1,,,False,,False,,wiki-ccc-2002-2003-03-21-Deportivo Saprissa-Atlético Morelia,
2002-03-16,2002,CONCACAF CL,False,C.S.D. Municipal,Chicago Fire FC,0,1,,,False,,False,,wiki-ccc-2002-2002-03-16-C.S.D. Municipal-Chicago Fire FC,
2002-03-21,2002,CONCACAF CL,False,Chicago Fire FC,C.S.D. Municipal,2,0,,,False,,False,,wiki-ccc-2002-2002-03-21-Chicago Fire FC-C.S.D. Municipal,
2002-03-03,2002,CONCACAF CL,False,W Connection,Sporting Kansas City,0,1,,,False,,False,,wiki-ccc-2002-2002-03-03-W Connection-Sporting Kansas City,
2002-03-16,2002,CONCACAF CL,False,Sporting Kansas City,W Connection,2,0,,,False,,False,,wiki-ccc-2002-2002-03-16-Sporting Kansas City-W Connection,
2002-04-10,2002,CONCACAF CL,False,Santos Laguna,Sporting Kansas City,2,1,,,False,,False,,wiki-ccc-2002-2002-04-10-Santos Laguna-Sporting Kansas City,
2002-04-24,2002,CONCACAF CL,False,Sporting Kansas City,Santos Laguna,2,0,,,False,,False,,wiki-ccc-2002-2002-04-24-Sporting Kansas City-Santos Laguna,
2002-04-14,2002,CONCACAF CL,False,Comunicaciones,LD Alajuelense,2,3,,,False,,False,,wiki-ccc-2002-2002-04-14-Comunicaciones-LD Alajuelense,
2002-04-24,2002,CONCACAF CL,False,LD Alajuelense,Comunicaciones,3,0,,,False,,False,,wiki-ccc-2002-2002-04-24-LD Alajuelense-Comunicaciones,
2002-04-17,2002,CONCACAF CL,False,Pachuca,San Jose Earthquakes,3,0,,,False,,False,,wiki-ccc-2002-2002-04-17-Pachuca-San Jose Earthquakes,
2002-04-24,2002,CONCACAF CL,False,San Jose Earthquakes,Pachuca,1,0,,,False,,False,,wiki-ccc-2002-2002-04-24-San Jose Earthquakes-Pachuca,
2002-06-30,2002,CONCACAF CL,False,Atlético Morelia,Chicago Fire S.C.,2,0,,,False,,False,,wiki-ccc-2002-2002-06-30-Atlético Morelia-Chicago Fire S.C.,
2002-07-10,2002,CONCACAF CL,False,Chicago Fire S.C.,Atlético Morelia,2,1,,,False,,False,,wiki-ccc-2002-2002-07-10-Chicago Fire S.C.-Atlético Morelia,
2002-08-07,2002,CONCACAF CL,False,LD Alajuelense,Pachuca,2,1,,,False,,False,,wiki-ccc-2002-2002-08-07-LD Alajuelense-Pachuca,
2002-08-28,2002,CONCACAF CL,False,Pachuca,LD Alajuelense,2,0,,,False,,False,,wiki-ccc-2002-2002-08-28-Pachuca-LD Alajuelense,
2002-08-07,2002,CONCACAF CL,False,Atlético Morelia,Sporting Kansas City,6,1,,,False,,False,,wiki-ccc-2002-2002-08-07-Atlético Morelia-Sporting Kansas City,
2002-08-28,2002,CONCACAF CL,False,Sporting Kansas City,Atlético Morelia,1,1,,,False,,False,,wiki-ccc-2002-2002-08-28-Sporting Kansas City-Atlético Morelia,
2002-09-18,2002,CONCACAF CL,False,Atlético Morelia,Pachuca,0,1,,,False,,False,,wiki-ccc-2002-2002-09-18-Atlético Morelia-Pachuca,
2003-03-04,2003,CONCACAF CL,False,C.D. FAS,Club America,3,1,,,False,,False,,wiki-ccc-2003-2003-03-04-C.D. FAS-Club America,
2003-03-26,2003,CONCACAF CL,False,Club America,C.D. FAS,3,0,,,False,,False,,wiki-ccc-2003-2003-03-26-Club America-C.D. FAS,
2003-03-05,2003,CONCACAF CL,False,Arnett Gardens,Necaxa,0,0,,,False,,False,,wiki-ccc-2003-2003-03-05-Arnett Gardens-Necaxa,
2003-03-19,2003,CONCACAF CL,False,Necaxa,Arnett Gardens,1,0,,,False,,False,,wiki-ccc-2003-2003-03-19-Necaxa-Arnett Gardens,
2003-03-12,2003,CONCACAF CL,False,Toluca,W Connection F.C.,3,2,,,False,,False,,wiki-ccc-2003-2003-03-12-Toluca-W Connection F.C.,
2003-04-02,2003,CONCACAF CL,False,W Connection F.C.,Toluca,3,3,,,False,,False,,wiki-ccc-2003-2003-04-02-W Connection F.C.-Toluca,
2003-03-12,2003,CONCACAF CL,False,C.S.D. Comunicaciones,Atlético Morelia,1,0,,,False,,False,,wiki-ccc-2003-2003-03-12-C.S.D. Comunicaciones-Atlético Morelia,
2003-03-26,2003,CONCACAF CL,False,Atlético Morelia,C.S.D. Comunicaciones,4,0,,,False,,False,,wiki-ccc-2003-2003-03-26-Atlético Morelia-C.S.D. Comunicaciones,
2003-03-16,2003,CONCACAF CL,False,C.S.D. Municipal,San Jose Earthquakes,4,2,,,False,,False,,wiki-ccc-2003-2003-03-16-C.S.D. Municipal-San Jose Earthquakes,
2003-03-26,2003,CONCACAF CL,False,San Jose Earthquakes,C.S.D. Municipal,2,1,,,False,,False,,wiki-ccc-2003-2003-03-26-San Jose Earthquakes-C.S.D. Municipal,
2003-03-16,2003,CONCACAF CL,False,C.D. Árabe Unido,Columbus Crew,2,1,,,False,,False,,wiki-ccc-2003-2003-03-16-C.D. Árabe Unido-Columbus Crew,
2003-03-23,2003,CONCACAF CL,False,Columbus Crew,C.D. Árabe Unido,3,0,,,False,,False,,wiki-ccc-2003-2003-03-23-Columbus Crew-C.D. Árabe Unido,
2003-03-16,2003,CONCACAF CL,False,C.D. Motagua,LA Galaxy,2,2,,,False,,False,,wiki-ccc-2003-2003-03-16-C.D. Motagua-LA Galaxy,
2003-03-23,2003,CONCACAF CL,False,LA Galaxy,C.D. Motagua,1,0,,,False,,False,,wiki-ccc-2003-2003-03-23-LA Galaxy-C.D. Motagua,
2003-03-23,2003,CONCACAF CL,False,New England Revolution,LD Alajuelense,0,4,,,False,,False,,wiki-ccc-2003-2003-03-23-New England Revolution-LD Alajuelense,
2003-03-26,2003,CONCACAF CL,False,LD Alajuelense,New England Revolution,1,3,,,False,,False,,wiki-ccc-2003-2003-03-26-LD Alajuelense-New England Revolution,
2003-04-09,2003,CONCACAF CL,False,C.S.D. Municipal,Toluca,1,2,,,False,,False,,wiki-ccc-2003-2003-04-09-C.S.D. Municipal-Toluca,
2003-04-16,2003,CONCACAF CL,False,Toluca,C.S.D. Municipal,2,1,,,False,,False,,wiki-ccc-2003-2003-04-16-Toluca-C.S.D. Municipal,
2003-04-09,2003,CONCACAF CL,False,Atlético Morelia,Columbus Crew,6,0,,,False,,False,,wiki-ccc-2003-2003-04-09-Atlético Morelia-Columbus Crew,
2003-04-16,2003,CONCACAF CL,False,Columbus Crew,Atlético Morelia,2,0,,,False,,False,,wiki-ccc-2003-2003-04-16-Columbus Crew-Atlético Morelia,
2003-04-09,2003,CONCACAF CL,False,LA Galaxy,Necaxa,1,4,,,False,,False,,wiki-ccc-2003-2003-04-09-LA Galaxy-Necaxa,
2003-04-16,2003,CONCACAF CL,False,Necaxa,LA Galaxy,2,1,,,False,,False,,wiki-ccc-2003-2003-04-16-Necaxa-LA Galaxy,
2003-04-16,2003,CONCACAF CL,False,América,Liga Deportiva Alajuelense,4,0,,,False,,False,,wiki-ccc-2003-2003-04-16-América-Liga Deportiva Alajuelense,
2003-04-23,2003,CONCACAF CL,False,Liga Deportiva Alajuelense,América,3,1,,,False,,False,,wiki-ccc-2003-2003-04-23-Liga Deportiva Alajuelense-América,
2003-04-30,2003,CONCACAF CL,False,Toluca,América,1,4,,,False,,False,,wiki-ccc-2003-2003-04-30-Toluca-América,
2003-04-30,2003,CONCACAF CL,False,Necaxa,Atlético Morelia,0,0,,,False,,False,,wiki-ccc-2003-2003-04-30-Necaxa-Atlético Morelia,
2003-05-07,2003,CONCACAF CL,False,Atlético Morelia,Necaxa,6,0,,,False,,False,,wiki-ccc-2003-2003-05-07-Atlético Morelia-Necaxa,
2003-05-14,2003,CONCACAF CL,False,América,Toluca,0,4,,,False,,False,,wiki-ccc-2003-2003-05-14-América-Toluca,
2003-09-17,2003,CONCACAF CL,False,Atlético Morelia,Club Toluca,3,3,,,False,,False,,wiki-ccc-2003-2003-09-17-Atlético Morelia-Club Toluca,
2003-10-08,2003,CONCACAF CL,False,Club Toluca,Atlético Morelia,2,1,,,False,,False,,wiki-ccc-2003-2003-10-08-Club Toluca-Atlético Morelia,
2004-03-17,2004,CONCACAF CL,False,Deportivo Saprissa,Pachuca,2,0,,,False,,False,,wiki-ccc-2004-2004-03-17-Deportivo Saprissa-Pachuca,
2004-03-24,2004,CONCACAF CL,False,Pachuca,Deportivo Saprissa,2,0,,,False,,False,,wiki-ccc-2004-2004-03-24-Pachuca-Deportivo Saprissa,
2004-03-17,2004,CONCACAF CL,False,San Juan Jabloteh,Chicago Fire FC,5,2,,,False,,False,,wiki-ccc-2004-2004-03-17-San Juan Jabloteh-Chicago Fire FC,
2004-03-24,2004,CONCACAF CL,False,Chicago Fire FC,San Juan Jabloteh,4,0,,,False,,False,,wiki-ccc-2004-2004-03-24-Chicago Fire FC-San Juan Jabloteh,
2004-03-17,2004,CONCACAF CL,False,Liga Deportiva Alajuelense,San Jose Earthquakes,3,0,,,False,,False,,wiki-ccc-2004-2004-03-17-Liga Deportiva Alajuelense-San Jose Earthquakes,
2004-03-24,2004,CONCACAF CL,False,San Jose Earthquakes,Liga Deportiva Alajuelense,1,0,,,False,,False,,wiki-ccc-2004-2004-03-24-San Jose Earthquakes-Liga Deportiva Alajuelense,
2004-03-17,2004,CONCACAF CL,False,Club Deportivo FAS,Monterrey,0,0,,,False,,False,,wiki-ccc-2004-2004-03-17-Club Deportivo FAS-Monterrey,
2004-03-24,2004,CONCACAF CL,False,Monterrey,Club Deportivo FAS,4,1,,,False,,False,,wiki-ccc-2004-2004-03-24-Monterrey-Club Deportivo FAS,
2004-04-14,2004,CONCACAF CL,False,Deportivo Saprissa,Chicago Fire FC,2,0,,,False,,False,,wiki-ccc-2004-2004-04-14-Deportivo Saprissa-Chicago Fire FC,
2004-04-21,2004,CONCACAF CL,False,Chicago Fire FC,Deportivo Saprissa,2,1,,,False,,False,,wiki-ccc-2004-2004-04-21-Chicago Fire FC-Deportivo Saprissa,
2004-04-14,2004,CONCACAF CL,False,Liga Deportiva Alajuelense,Monterrey,1,0,,,False,,False,,wiki-ccc-2004-2004-04-14-Liga Deportiva Alajuelense-Monterrey,
2004-04-21,2004,CONCACAF CL,False,Monterrey,Liga Deportiva Alajuelense,1,1,,,False,,False,,wiki-ccc-2004-2004-04-21-Monterrey-Liga Deportiva Alajuelense,
2004-05-05,2004,CONCACAF CL,False,Deportivo Saprissa,Liga Deportiva Alajuelense,1,1,,,False,,False,,wiki-ccc-2004-2004-05-05-Deportivo Saprissa-Liga Deportiva Alajuelense,
2004-05-12,2004,CONCACAF CL,False,Liga Deportiva Alajuelense,Deportivo Saprissa,4,0,,,False,,False,,wiki-ccc-2004-2004-05-12-Liga Deportiva Alajuelense-Deportivo Saprissa,
2005-03-09,2005,CONCACAF CL,False,Sporting Kansas City,Deportivo Saprissa,0,0,,,False,,False,,wiki-ccc-2005-2005-03-09-Sporting Kansas City-Deportivo Saprissa,
2005-03-17,2005,CONCACAF CL,False,Deportivo Saprissa,Sporting Kansas City,2,1,,,False,,False,,wiki-ccc-2005-2005-03-17-Deportivo Saprissa-Sporting Kansas City,
2005-03-09,2005,CONCACAF CL,False,Monterrey,CSD Municipal,2,1,,,False,,False,,wiki-ccc-2005-2005-03-09-Monterrey-CSD Municipal,
2005-03-16,2005,CONCACAF CL,False,CSD Municipal,Monterrey,0,0,,,False,,False,,wiki-ccc-2005-2005-03-16-CSD Municipal-Monterrey,
2005-03-09,2005,CONCACAF CL,False,D.C. United,Harbour View F.C.,2,1,,,False,,False,,wiki-ccc-2005-2005-03-09-D.C. United-Harbour View F.C.,
2005-03-16,2005,CONCACAF CL,False,Harbour View F.C.,D.C. United,1,2,,,False,,False,,wiki-ccc-2005-2005-03-16-Harbour View F.C.-D.C. United,
2005-03-09,2005,CONCACAF CL,False,Club Olimpia Deportivo,Pumas UNAM,1,1,,,False,,False,,wiki-ccc-2005-2005-03-09-Club Olimpia Deportivo-Pumas UNAM,
2005-03-16,2005,CONCACAF CL,False,Pumas UNAM,Club Olimpia Deportivo,2,1,,,False,,False,,wiki-ccc-2005-2005-03-16-Pumas UNAM-Club Olimpia Deportivo,
2005-04-07,2005,CONCACAF CL,False,Deportivo Saprissa,Monterrey,2,2,,,False,,False,,wiki-ccc-2005-2005-04-07-Deportivo Saprissa-Monterrey,
2005-04-13,2005,CONCACAF CL,False,Monterrey,Deportivo Saprissa,1,1,3,5,True,Deportivo Saprissa,False,,wiki-ccc-2005-2005-04-13-Monterrey-Deportivo Saprissa,
2005-04-06,2005,CONCACAF CL,False,D.C. United,Pumas UNAM,1,1,,,False,,False,,wiki-ccc-2005-2005-04-06-D.C. United-Pumas UNAM,
2005-04-13,2005,CONCACAF CL,False,Pumas UNAM,D.C. United,5,0,,,False,,False,,wiki-ccc-2005-2005-04-13-Pumas UNAM-D.C. United,
2005-05-04,2005,CONCACAF CL,False,Deportivo Saprissa,Pumas UNAM,2,0,,,False,,False,,wiki-ccc-2005-2005-05-04-Deportivo Saprissa-Pumas UNAM,
2005-05-11,2005,CONCACAF CL,False,Pumas UNAM,Deportivo Saprissa,2,1,,,False,,False,,wiki-ccc-2005-2005-05-11-Pumas UNAM-Deportivo Saprissa,
2006-02-22,2006,CONCACAF CL,False,Club Olimpia Deportivo,Toluca,0,2,,,False,,False,,wiki-ccc-2006-2006-02-22-Club Olimpia Deportivo-Toluca,
2006-03-08,2006,CONCACAF CL,False,Toluca,Club Olimpia Deportivo,2,1,,,False,,False,,wiki-ccc-2006-2006-03-08-Toluca-Club Olimpia Deportivo,
2006-02-23,2006,CONCACAF CL,False,LA Galaxy,Deportivo Saprissa,0,0,,,False,,False,,wiki-ccc-2006-2006-02-23-LA Galaxy-Deportivo Saprissa,
2006-03-08,2006,CONCACAF CL,False,Deportivo Saprissa,LA Galaxy,3,2,,,False,,False,,wiki-ccc-2006-2006-03-08-Deportivo Saprissa-LA Galaxy,
2006-02-22,2006,CONCACAF CL,False,New England Revolution,Alajuelense,0,0,,,False,,False,,wiki-ccc-2006-2006-02-22-New England Revolution-Alajuelense,
2006-03-08,2006,CONCACAF CL,False,Alajuelense,New England Revolution,1,0,,,False,,False,,wiki-ccc-2006-2006-03-08-Alajuelense-New England Revolution,
2006-02-22,2006,CONCACAF CL,False,Portmore United,América,1,2,,,False,,False,,wiki-ccc-2006-2006-02-22-Portmore United-América,
2006-03-08,2006,CONCACAF CL,False,América,Portmore United,5,2,,,False,,False,,wiki-ccc-2006-2006-03-08-América-Portmore United,
2006-03-22,2006,CONCACAF CL,False,Toluca,Deportivo Saprissa,2,0,,,False,,False,,wiki-ccc-2006-2006-03-22-Toluca-Deportivo Saprissa,
2006-03-29,2006,CONCACAF CL,False,Deportivo Saprissa,Toluca,3,2,,,False,,False,,wiki-ccc-2006-2006-03-29-Deportivo Saprissa-Toluca,
2006-03-23,2006,CONCACAF CL,False,Alajuelense,América,1,2,,,False,,False,,wiki-ccc-2006-2006-03-23-Alajuelense-América,
2006-03-29,2006,CONCACAF CL,False,América,Alajuelense,0,0,,,False,,False,,wiki-ccc-2006-2006-03-29-América-Alajuelense,
2006-04-12,2006,CONCACAF CL,False,Toluca,América,0,0,,,False,,False,,wiki-ccc-2006-2006-04-12-Toluca-América,
2006-04-19,2006,CONCACAF CL,False,América,Toluca,2,1,,,False,,False,,wiki-ccc-2006-2006-04-19-América-Toluca,
2007-02-22,2007,CONCACAF CL,False,Pachuca,Deportivo Marquense,2,0,,,False,,False,,wiki-ccc-2007-2007-02-22-Pachuca-Deportivo Marquense,
2007-02-28,2007,CONCACAF CL,False,Deportivo Marquense,Pachuca,0,1,,,False,,False,,wiki-ccc-2007-2007-02-28-Deportivo Marquense-Pachuca,
2007-02-21,2007,CONCACAF CL,False,Puntarenas F.C.,Houston Dynamo FC,1,0,,,False,,False,,wiki-ccc-2007-2007-02-21-Puntarenas F.C.-Houston Dynamo FC,
2007-03-01,2007,CONCACAF CL,False,Houston Dynamo FC,Puntarenas F.C.,2,0,,,False,,False,,wiki-ccc-2007-2007-03-01-Houston Dynamo FC-Puntarenas F.C.,
2007-02-13,2007,CONCACAF CL,False,W Connection,Guadalajara,2,1,,,False,,False,,wiki-ccc-2007-2007-02-13-W Connection-Guadalajara,
2007-02-28,2007,CONCACAF CL,False,Guadalajara,W Connection,3,0,,,False,,False,,wiki-ccc-2007-2007-02-28-Guadalajara-W Connection,
2007-02-21,2007,CONCACAF CL,False,Club Deportivo Olimpia,D.C. United,1,4,,,False,,False,,wiki-ccc-2007-2007-02-21-Club Deportivo Olimpia-D.C. United,
2007-03-01,2007,CONCACAF CL,False,D.C. United,Club Deportivo Olimpia,3,2,,,False,,False,,wiki-ccc-2007-2007-03-01-D.C. United-Club Deportivo Olimpia,
2007-03-15,2007,CONCACAF CL,False,Houston Dynamo FC,Pachuca,2,0,,,False,,False,,wiki-ccc-2007-2007-03-15-Houston Dynamo FC-Pachuca,
2007-04-05,2007,CONCACAF CL,False,Pachuca,Houston Dynamo FC,5,2,,,False,,False,,wiki-ccc-2007-2007-04-05-Pachuca-Houston Dynamo FC,
2007-03-15,2007,CONCACAF CL,False,D.C. United,Guadalajara,1,1,,,False,,False,,wiki-ccc-2007-2007-03-15-D.C. United-Guadalajara,
2007-04-03,2007,CONCACAF CL,False,Guadalajara,D.C. United,2,1,,,False,,False,,wiki-ccc-2007-2007-04-03-Guadalajara-D.C. United,
2007-04-18,2007,CONCACAF CL,False,Guadalajara,Pachuca,2,2,,,False,,False,,wiki-ccc-2007-2007-04-18-Guadalajara-Pachuca,
2007-04-25,2007,CONCACAF CL,False,Pachuca,Guadalajara,0,0,7,6,True,Pachuca,False,,wiki-ccc-2007-2007-04-25-Pachuca-Guadalajara,
