season,competition,team,gp,w,d,l,gf,ga,gd,pts
1996,CONCACAF CL,Cruz Azul,3,2,1,0,14,2,12,7
1996,CONCACAF CL,Necaxa,3,1,2,0,8,5,3,5
1996,CONCACAF CL,C.S.D. Comunicaciones,3,1,1,1,6,5,1,4
1996,CONCACAF CL,Seattle Sounders (1994–2008),3,0,0,3,1,17,-16,0
1996,MLS,LA Galaxy,36,22,0,14,69,55,14,66
1996,MLS,Tampa Bay Mutiny,37,22,0,15,76,63,13,66
1996,MLS,D.C. United,36,20,0,16,72,62,10,60
1996,MLS,FC Dallas,34,18,0,16,59,55,4,54
1996,MLS,Sporting Kansas City,35,18,0,17,71,71,0,54
1996,MLS,Columbus Crew SC,35,16,0,19,66,72,-6,48
1996,MLS,San Jose Earthquakes,35,16,0,19,54,60,-6,48
1996,MLS,Red Bull New York,34,15,0,19,49,53,-4,45
1996,MLS,New England Revolution,32,15,0,17,49,58,-9,45
1996,MLS,Colorado Rapids,32,11,0,21,47,63,-16,33
1996-97,Liga MX,Toros Neza,12,6,1,5,25,22,3,19
1996-97,Liga MX,Necaxa,10,6,0,4,19,16,3,18
1996-97,Liga MX,Guadalajara,8,4,2,2,16,7,9,14
1996-97,Liga MX,Santos Laguna,8,4,2,2,14,13,1,14
1996-97,Liga MX,Atlético Morelia,6,4,0,2,9,4,5,12
1996-97,Liga MX,Atlas F.C.,2,1,1,0,6,2,4,4
1996-97,Liga MX,Club Puebla,4,1,1,2,5,8,-3,4
1996-97,Liga MX,Pumas UNAM,2,1,0,1,3,4,-1,3
1996-97,Liga MX,Tecos F.C.,2,1,0,1,2,4,-2,3
1996-97,Liga MX,Monterrey,2,1,0,1,3,6,-3,3
1996-97,Liga MX,Atlante,4,1,0,3,5,12,-7,3
1996-97,Liga MX,Toluca,2,0,1,1,1,2,-1,1
1996-97,Liga MX,León,2,0,0,2,2,4,-2,0
1996-97,Liga MX,Atlas,2,0,0,2,2,5,-3,0
1996-97,Liga MX,América,2,0,0,2,1,4,-3,0
1997,CONCACAF CL,Cruz Azul,3,3,0,0,13,5,8,9
1997,CONCACAF CL,LA Galaxy,3,2,0,1,6,5,1,6
1997,CONCACAF CL,Guadalajara,3,1,1,1,5,5,0,4
1997,CONCACAF CL,D.C. United,3,1,1,1,3,3,0,4
1997,CONCACAF CL,C.S. Cartaginés,1,0,0,1,0,1,-1,0
1997,CONCACAF CL,United Petrotrin,1,0,0,1,0,1,-1,0
1997,CONCACAF CL,C.D. Luis Ángel Firpo,1,0,0,1,0,2,-2,0
1997,CONCACAF CL,CSD Comunicaciones,1,0,0,1,0,5,-5,0
1997,MLS,D.C. United,36,25,0,11,84,61,23,75
1997,MLS,Sporting Kansas City,34,21,0,13,66,59,7,63
1997,MLS,Colorado Rapids,37,18,0,19,62,67,-5,54
1997,MLS,FC Dallas,35,17,0,18,62,54,8,51
1997,MLS,Columbus Crew SC,36,17,0,19,51,50,1,51
1997,MLS,Tampa Bay Mutiny,34,17,0,17,59,66,-7,51
1997,MLS,LA Galaxy,33,16,0,17,57,51,6,48
1997,MLS,New England Revolution,33,15,0,18,45,61,-16,45
1997,MLS,Red Bull New York,32,13,0,19,45,55,-10,39
1997,MLS,San Jose Earthquakes,32,12,0,20,58,65,-7,36
1997-98,Liga MX,América,10,6,1,3,16,12,4,19
1997-98,Liga MX,Toluca,6,5,0,1,15,6,9,15
1997-98,Liga MX,Cruz Azul,8,4,3,1,11,6,5,15
1997-98,Liga MX,Necaxa,6,3,2,1,9,9,0,11
1997-98,Liga MX,León,6,2,1,3,10,8,2,7
1997-98,Liga MX,Tecos F.C.,4,2,0,2,9,8,1,6
1997-98,Liga MX,Atlante,6,1,2,3,3,8,-5,5
1997-98,Liga MX,Club Puebla,2,1,0,1,3,5,-2,3
1997-98,Liga MX,Atlas,4,1,0,3,6,9,-3,3
1997-98,Liga MX,Toros Neza,4,1,0,3,7,12,-5,3
1997-98,Liga MX,Atlas F.C.,2,0,1,1,2,3,-1,1
1997-98,Liga MX,Santos Laguna,2,0,1,1,1,2,-1,1
1997-98,Liga MX,Atlético Morelia,2,0,1,1,0,1,-1,1
1997-98,Liga MX,Guadalajara,2,0,0,2,1,4,-3,0
1998,CONCACAF CL,D.C. United,3,3,0,0,11,0,11,9
1998,CONCACAF CL,León,5,2,0,3,5,8,-3,6
1998,CONCACAF CL,Deportivo Saprissa,2,1,1,0,1,1,0,4
1998,CONCACAF CL,C.D. Saprissa,1,1,0,0,2,0,2,3
1998,CONCACAF CL,Toluca,1,1,0,0,2,0,2,3
1998,CONCACAF CL,Colorado Rapids,2,1,0,1,3,4,-1,3
1998,CONCACAF CL,Deportivo Toluca,2,0,1,1,1,2,-1,1
1998,CONCACAF CL,C.D. Luis Ángel Firpo,1,0,0,1,1,1,0,0
1998,CONCACAF CL,Cruz Azul,1,0,0,1,0,0,0,0
1998,CONCACAF CL,Liga Deportiva Alajuelense,1,0,0,1,0,2,-2,0
1998,CONCACAF CL,Joe Public F.C.,1,0,0,1,0,8,-8,0
1998,MLS,D.C. United,37,27,0,10,90,58,32,81
1998,MLS,LA Galaxy,35,26,0,9,96,50,46,78
1998,MLS,Chicago Fire,36,24,0,12,70,47,23,72
1998,MLS,Columbus Crew SC,36,17,0,19,76,71,5,51
1998,MLS,Colorado Rapids,34,16,0,18,65,74,-9,48
1998,MLS,Red Bull New York,33,15,0,18,60,68,-8,45
1998,MLS,Miami Fusion,33,15,0,18,52,70,-18,45
1998,MLS,FC Dallas,34,15,0,19,50,70,-20,45
1998,MLS,San Jose Earthquakes,32,13,0,19,51,65,-14,39
1998,MLS,Sporting Kansas City,32,12,0,20,47,54,-7,36
1998,MLS,Tampa Bay Mutiny,32,12,0,20,47,62,-15,36
1998,MLS,New England Revolution,32,11,0,21,55,70,-15,33
1998-99,Liga MX,Atlas,10,3,5,2,19,13,6,14
1998-99,Liga MX,Necaxa,8,4,2,2,11,9,2,14
1998-99,Liga MX,Toluca,8,3,3,2,15,14,1,12
1998-99,Liga MX,Guadalajara,8,2,4,2,10,9,1,10
1998-99,Liga MX,Santos Laguna,6,2,1,3,13,11,2,7
1998-99,Liga MX,Tecos F.C.,4,2,0,2,8,10,-2,6
1998-99,Liga MX,Pumas UNAM,4,1,2,1,5,5,0,5
1998-99,Liga MX,Cruz Azul,6,1,2,3,7,13,-6,5
1998-99,Liga MX,América,2,1,0,1,2,3,-1,3
1998-99,Liga MX,Atlético Morelia,4,0,3,1,5,8,-3,3
1999,CONCACAF CL,Necaxa,4,4,0,0,9,5,4,12
1999,CONCACAF CL,Liga Deportiva Alajuelense,3,2,0,1,3,3,0,6
1999,CONCACAF CL,Chicago Fire Soccer Club,3,1,1,1,5,3,2,4
1999,CONCACAF CL,D.C. United,3,1,1,1,4,5,-1,4
1999,CONCACAF CL,LA Galaxy,1,0,0,1,1,1,0,0
1999,CONCACAF CL,Deportivo Saprissa,1,0,0,1,2,3,-1,0
1999,CONCACAF CL,Club Deportivo Olimpia,1,0,0,1,0,1,-1,0
1999,CONCACAF CL,Toluca,1,0,0,1,0,1,-1,0
1999,CONCACAF CL,Joe Public F.C.,1,0,0,1,0,2,-2,0
1999,MLS,D.C. United,37,27,0,10,82,52,30,81
1999,MLS,LA Galaxy,37,24,0,13,62,37,25,72
1999,MLS,Columbus Crew SC,37,22,0,15,64,50,14,66
1999,MLS,FC Dallas,37,21,0,16,64,53,11,63
1999,MLS,Colorado Rapids,34,20,0,14,44,47,-3,60
1999,MLS,Chicago Fire,35,19,0,16,61,46,15,57
1999,MLS,San Jose Earthquakes,32,19,0,13,58,52,6,57
1999,MLS,Tampa Bay Mutiny,34,14,0,20,56,61,-5,42
1999,MLS,Miami Fusion,33,13,0,20,47,65,-18,39
1999,MLS,New England Revolution,32,12,0,20,43,60,-17,36
1999,MLS,Sporting Kansas City,32,8,0,24,35,59,-24,24
1999,MLS,Red Bull New York,32,7,0,25,35,69,-34,21
1999-00,Liga MX,Toluca,8,5,2,1,24,7,17,17
1999-00,Liga MX,Pachuca,8,4,2,2,12,9,3,14
1999-00,Liga MX,Cruz Azul,6,3,2,1,9,7,2,11
1999-00,Liga MX,Atlas,6,2,3,1,8,8,0,9
1999-00,Liga MX,Pumas UNAM,4,2,1,1,7,6,1,7
1999-00,Liga MX,Santos Laguna,6,2,1,3,6,11,-5,7
1999-00,Liga MX,Atlético Morelia,4,2,0,2,7,7,0,6
1999-00,Liga MX,América,4,1,2,1,2,2,0,5
1999-00,Liga MX,Guadalajara,6,0,4,2,5,9,-4,4
1999-00,Liga MX,Tecos F.C.,2,0,1,1,4,5,-1,1
1999-00,Liga MX,Necaxa,4,0,0,4,7,11,-4,0
1999-00,Liga MX,Club Puebla,2,0,0,2,0,9,-9,0
2000,CONCACAF CL,LA Galaxy,3,3,0,0,4,3,1,9
2000,CONCACAF CL,Club Deportivo Olimpia,2,2,0,0,5,0,5,6
2000,CONCACAF CL,Pachuca,3,2,0,1,3,5,-2,6
2000,CONCACAF CL,D.C. United,3,1,0,2,4,4,0,3
2000,CONCACAF CL,Real C.D. España,1,0,0,1,0,0,0,0
2000,CONCACAF CL,C.D. Olimpia,1,0,0,1,2,3,-1,0
2000,CONCACAF CL,Liga Deportiva Alajuelense,1,0,0,1,1,2,-1,0
2000,CONCACAF CL,Joe Public F.C.,1,0,0,1,0,1,-1,0
2000,CONCACAF CL,Toluca,1,0,0,1,0,1,-1,0
2000,MLS,Sporting Kansas City,38,20,11,7,53,31,22,71
2000,MLS,Chicago Fire,39,21,6,12,82,59,23,69
2000,MLS,Red Bull New York,36,19,3,14,70,63,7,60
2000,MLS,LA Galaxy,36,16,9,11,53,40,13,57
2000,MLS,Tampa Bay Mutiny,34,16,4,14,64,56,8,52
2000,MLS,New England Revolution,35,14,6,15,50,58,-8,48
2000,MLS,FC Dallas,33,14,4,15,55,56,-1,46
2000,MLS,Colorado Rapids,35,13,5,17,45,63,-18,44
2000,MLS,Miami Fusion,32,12,5,15,54,56,-2,41
2000,MLS,Columbus Crew SC,32,11,5,16,48,58,-10,38
2000,MLS,D.C. United,32,8,6,18,44,63,-19,30
2000,MLS,San Jose Earthquakes,32,7,8,17,35,50,-15,29
2000-01,Liga MX,Santos Laguna,10,5,2,3,23,17,6,17
2000-01,Liga MX,Atlético Morelia,10,4,4,2,19,13,6,16
2000-01,Liga MX,Pachuca,8,3,3,2,13,9,4,12
2000-01,Liga MX,Toluca,6,3,1,2,13,11,2,10
2000-01,Liga MX,América,6,2,2,2,10,9,1,8
2000-01,Liga MX,Club Puebla,4,2,1,1,11,9,2,7
2000-01,Liga MX,Atlas,6,1,2,3,10,12,-2,5
2000-01,Liga MX,Atlante,2,1,1,0,4,1,3,4
2000-01,Liga MX,Puebla F.C.,2,1,1,0,5,4,1,4
2000-01,Liga MX,Cruz Azul,2,1,0,1,1,2,-1,3
2000-01,Liga MX,Irapuato F.C.,2,1,0,1,3,7,-4,3
2000-01,Liga MX,Tecos F.C.,4,0,2,2,6,11,-5,2
2000-01,Liga MX,Necaxa,2,0,1,1,3,4,-1,1
2000-01,Liga MX,Tigres UANL,2,0,1,1,3,5,-2,1
2000-01,Liga MX,León,2,0,1,1,2,5,-3,1
2000-01,Liga MX,Tiburones Rojos de Veracruz,2,0,1,1,1,4,-3,1
2000-01,Liga MX,Monterrey,2,0,1,1,2,6,-4,1
2001,MLS,Miami Fusion,31,19,5,7,62,44,18,62
2001,MLS,Chicago Fire,31,18,7,6,56,32,24,61
2001,MLS,San Jose Earthquakes,30,16,6,8,57,31,26,54
2001,MLS,LA Galaxy,30,15,7,8,58,44,14,52
2001,MLS,Red Bull New York,29,14,4,11,45,40,5,46
2001,MLS,Columbus Crew SC,28,13,6,9,50,42,8,45
2001,MLS,Sporting Kansas City,30,12,3,15,37,57,-20,39
2001,MLS,FC Dallas,29,10,6,13,49,52,-3,36
2001,MLS,New England Revolution,27,7,6,14,35,52,-17,27
2001,MLS,D.C. United,26,8,2,16,42,50,-8,26
2001,MLS,Colorado Rapids,26,5,8,13,36,47,-11,23
2001,MLS,Tampa Bay Mutiny,27,4,2,21,32,68,-36,14
2001-02,Liga MX,Necaxa,26,12,7,7,42,30,12,43
2001-02,Liga MX,Toluca,24,11,7,6,41,26,15,40
2001-02,Liga MX,América,24,11,7,6,38,28,10,40
2001-02,Liga MX,Pumas UNAM,22,11,6,5,35,25,10,39
2001-02,Liga MX,Querétaro,20,12,1,7,37,23,14,37
2001-02,Liga MX,Santos,24,10,7,7,48,38,10,37
2001-02,Liga MX,Tigres UANL,26,9,10,7,34,31,3,37
2001-02,Liga MX,Atlético Morelia,22,10,5,7,40,32,8,35
2001-02,Liga MX,Cruz Azul,24,9,6,9,40,37,3,33
2001-02,Liga MX,Atlas,20,9,6,5,33,31,2,33
2001-02,Liga MX,Pachuca,24,9,6,9,36,39,-3,33
2001-02,Liga MX,Chiapas,18,7,3,8,22,30,-8,24
2001-02,Liga MX,Guadalajara,20,5,8,7,23,24,-1,23
2001-02,Liga MX,Atlante,20,6,5,9,25,31,-6,23
2001-02,Liga MX,Monterrey,18,5,5,8,21,28,-7,20
2001-02,Liga MX,Cuernavaca,18,5,5,8,19,29,-10,20
2001-02,Liga MX,U.A. de G.,18,2,8,8,25,34,-9,14
2001-02,Liga MX,Puebla,18,2,5,11,24,45,-21,11
2001-02,Liga MX,León,18,2,4,12,17,36,-19,10
2001-02,Liga MX,Santos Laguna,2,0,1,1,1,4,-3,1
2002,CONCACAF CL,Sporting Kansas City,6,3,1,2,8,9,-1,10
2002,CONCACAF CL,Pachuca,5,3,0,2,7,3,4,9
2002,CONCACAF CL,LD Alajuelense,4,3,0,1,8,5,3,9
2002,CONCACAF CL,San Jose Earthquakes,4,3,0,1,5,4,1,9
2002,CONCACAF CL,Atlético Morelia,6,2,2,2,11,6,5,8
2002,CONCACAF CL,Chicago Fire FC,2,2,0,0,3,0,3,6
2002,CONCACAF CL,Chicago Fire S.C.,2,1,0,1,2,3,-1,3
2002,CONCACAF CL,Santos Laguna,2,1,0,1,2,3,-1,3
2002,CONCACAF CL,Deportivo Saprissa,1,0,1,0,1,1,0,1
2002,CONCACAF CL,Club Deportivo Olimpia,2,0,0,2,1,4,-3,0
2002,CONCACAF CL,C.S.D. Municipal,2,0,0,2,0,3,-3,0
2002,CONCACAF CL,W Connection,2,0,0,2,0,3,-3,0
2002,CONCACAF CL,Comunicaciones,2,0,0,2,2,6,-4,0
2002,MLS,LA Galaxy,34,21,3,10,59,41,18,66
2002,MLS,New England Revolution,35,15,4,16,57,54,3,49
2002,MLS,FC Dallas,31,13,8,10,49,47,2,47
2002,MLS,Colorado Rapids,33,14,5,14,47,58,-11,47
2002,MLS,Columbus Crew,33,13,7,13,50,48,2,46
2002,MLS,San Jose Earthquakes,30,14,3,13,47,39,8,45
2002,MLS,Chicago Fire FC,31,12,4,15,45,43,2,40
2002,MLS,Sporting Kansas City,31,10,9,12,45,54,-9,39
2002,MLS,Red Bull New York,28,11,2,15,41,47,-6,35
2002,MLS,D.C. United,28,9,5,14,31,40,-9,32
2002-03,Liga MX,Toluca,46,26,9,11,113,67,46,87
2002-03,Liga MX,Atlético Morelia,50,25,12,13,91,58,33,87
2002-03,Liga MX,América,40,21,10,9,67,39,28,73
2002-03,Liga MX,Monterrey,44,17,16,11,61,49,12,67
2002-03,Liga MX,Guadalajara,44,16,17,11,70,67,3,65
2002-03,Liga MX,Tigres UANL,42,18,10,14,64,63,1,64
2002-03,Liga MX,Atlante,40,16,12,12,71,61,10,60
2002-03,Liga MX,Santos,42,17,9,16,69,63,6,60
2002-03,Liga MX,Pumas UNAM,42,16,12,14,69,77,-8,60
2002-03,Liga MX,Veracruz,42,15,12,15,56,61,-5,57
2002-03,Liga MX,Cruz Azul,42,13,17,12,61,58,3,56
2002-03,Liga MX,Atlas,40,15,10,15,60,55,5,55
2002-03,Liga MX,Necaxa,38,14,7,17,53,56,-3,49
2002-03,Liga MX,San Luis,38,11,11,16,56,66,-10,44
2002-03,Liga MX,Cuernavaca,38,11,11,16,48,59,-11,44
2002-03,Liga MX,Querétaro,38,9,13,16,41,57,-16,40
2002-03,Liga MX,Puebla,38,10,8,20,38,60,-22,38
2002-03,Liga MX,Pachuca,38,6,18,14,42,58,-16,36
2002-03,Liga MX,U.A. de G.,40,9,9,22,43,73,-30,36
2002-03,Liga MX,Chiapas,38,8,11,19,34,60,-26,35
2003,CONCACAF CL,Toluca,6,4,1,1,15,11,4,13
2003,CONCACAF CL,Atlético Morelia,8,3,2,3,20,8,12,11
2003,CONCACAF CL,Necaxa,6,3,2,1,7,8,-1,11
2003,CONCACAF CL,América,4,2,0,2,9,8,1,6
2003,CONCACAF CL,Columbus Crew,4,2,0,2,6,8,-2,6
2003,CONCACAF CL,Club Toluca,2,1,1,0,5,4,1,4
2003,CONCACAF CL,LA Galaxy,4,1,1,2,5,8,-3,4
2003,CONCACAF CL,LD Alajuelense,2,1,0,1,5,3,2,3
2003,CONCACAF CL,Club America,2,1,0,1,4,3,1,3
2003,CONCACAF CL,C.S.D. Municipal,4,1,0,3,7,8,-1,3
2003,CONCACAF CL,San Jose Earthquakes,2,1,0,1,4,5,-1,3
2003,CONCACAF CL,C.D. FAS,2,1,0,1,3,4,-1,3
2003,CONCACAF CL,Liga Deportiva Alajuelense,2,1,0,1,3,5,-2,3
2003,CONCACAF CL,New England Revolution,2,1,0,1,3,5,-2,3
2003,CONCACAF CL,C.D. Árabe Unido,2,1,0,1,2,4,-2,3
2003,CONCACAF CL,C.S.D. Comunicaciones,2,1,0,1,1,4,-3,3
2003,CONCACAF CL,W Connection F.C.,2,0,1,1,5,6,-1,1
2003,CONCACAF CL,C.D. Motagua,2,0,1,1,2,3,-1,1
2003,CONCACAF CL,Arnett Gardens,2,0,1,1,0,1,-1,1
2003,MLS,Chicago Fire FC,34,18,8,8,59,48,11,62
2003,MLS,San Jose Earthquakes,34,17,9,8,58,42,16,60
2003,MLS,New England Revolution,33,13,10,10,58,49,9,49
2003,MLS,Sporting Kansas City,33,12,10,11,53,48,5,46
2003,MLS,Red Bull New York,32,11,10,11,41,43,-2,43
2003,MLS,Colorado Rapids,32,11,8,13,41,48,-7,41
2003,MLS,LA Galaxy,32,10,9,13,39,40,-1,39
2003,MLS,D.C. United,32,10,9,13,38,40,-2,39
2003,MLS,Columbus Crew,30,10,8,12,44,44,0,38
2003,MLS,FC Dallas,30,6,5,19,35,64,-29,23
2003-04,Liga MX,Pumas UNAM,46,26,14,6,87,51,36,92
2003-04,Liga MX,Toluca,48,22,10,16,80,61,19,76
2003-04,Liga MX,Guadalajara,46,22,8,16,70,62,8,74
2003-04,Liga MX,Pachuca,46,19,15,12,70,62,8,72
2003-04,Liga MX,Tigres UANL,44,20,10,14,81,65,16,70
2003-04,Liga MX,Cruz Azul,48,19,13,16,82,74,8,70
2003-04,Liga MX,Atlante,44,17,15,12,70,55,15,66
2003-04,Liga MX,Chiapas,40,17,13,10,59,58,1,64
2003-04,Liga MX,América,40,17,9,14,70,57,13,60
2003-04,Liga MX,Necaxa,40,13,15,12,48,48,0,54
2003-04,Liga MX,Santos,40,14,11,15,75,64,11,53
2003-04,Liga MX,U.A. de G.,40,14,7,19,64,73,-9,49
2003-04,Liga MX,Irapuato,38,12,12,14,46,62,-16,48
2003-04,Liga MX,Atlético Morelia,38,13,8,17,50,64,-14,47
2003-04,Liga MX,Atlas,40,11,13,16,59,62,-3,46
2003-04,Liga MX,Veracruz,38,12,8,18,59,79,-20,44
2003-04,Liga MX,Monterrey,38,7,19,12,57,59,-2,40
2003-04,Liga MX,Puebla,38,10,10,18,50,59,-9,40
2003-04,Liga MX,Querétaro,38,6,13,19,40,71,-31,31
2003-04,Liga MX,San Luis,38,6,11,21,43,74,-31,29
2004,CONCACAF CL,Liga Deportiva Alajuelense,6,3,2,1,10,3,7,11
2004,CONCACAF CL,Deportivo Saprissa,6,2,1,3,6,9,-3,7
2004,CONCACAF CL,Chicago Fire FC,4,2,0,2,8,8,0,6
2004,CONCACAF CL,Monterrey,4,1,2,1,5,3,2,5
2004,CONCACAF CL,Pachuca,2,1,0,1,2,2,0,3
2004,CONCACAF CL,San Juan Jabloteh,2,1,0,1,5,6,-1,3
2004,CONCACAF CL,San Jose Earthquakes,2,1,0,1,1,3,-2,3
2004,CONCACAF CL,Club Deportivo FAS,2,0,1,1,1,4,-3,1
2004,MLS,Sporting Kansas City,34,16,7,11,45,35,10,55
2004,MLS,D.C. United,34,14,10,10,53,47,6,52
2004,MLS,Columbus Crew,32,12,14,6,41,34,7,50
2004,MLS,LA Galaxy,33,12,10,11,44,43,1,46
2004,MLS,Colorado Rapids,32,11,11,10,30,34,-4,44
2004,MLS,San Jose Earthquakes,32,10,11,11,43,38,5,41
2004,MLS,Red Bull New York,32,11,7,14,47,53,-6,40
2004,MLS,New England Revolution,33,9,11,13,47,47,0,38
2004,MLS,FC Dallas,30,10,6,14,34,45,-11,36
2004,MLS,Chicago Fire FC,30,8,9,13,36,44,-8,33
2004,MLS,East All-Stars,1,1,0,0,3,2,1,3
2004,MLS,West All-Stars,1,0,0,1,2,3,-1,0
2004-05,Liga MX,Monterrey,42,19,9,14,74,70,4,66
2004-05,Liga MX,América,40,15,17,8,71,59,12,62
2004-05,Liga MX,Atlético Morelia,38,18,7,13,61,52,9,61
2004-05,Liga MX,U.A. de G.,40,15,11,14,58,59,-1,56
2004-05,Liga MX,Toluca,36,16,7,13,49,45,4,55
2004-05,Liga MX,Guadalajara,36,14,11,11,66,57,9,53
2004-05,Liga MX,Pachuca,36,14,11,11,52,49,3,53
2004-05,Liga MX,Pumas UNAM,40,16,5,19,57,65,-8,53
2004-05,Liga MX,Tigres UANL,36,13,11,12,66,50,16,50
2004-05,Liga MX,Atlante,38,14,8,16,62,66,-4,50
2004-05,Liga MX,Veracruz,36,14,8,14,43,62,-19,50
2004-05,Liga MX,Cruz Azul,38,13,10,15,71,65,6,49
2004-05,Liga MX,Necaxa,36,15,4,17,56,50,6,49
2004-05,Liga MX,Santos,36,14,6,16,56,56,0,48
2004-05,Liga MX,Atlas,38,12,10,16,63,68,-5,46
2004-05,Liga MX,Sinaloa,34,11,9,14,48,51,-3,42
2004-05,Liga MX,Chiapas,34,10,10,14,39,52,-13,40
2004-05,Liga MX,Puebla,34,9,10,15,36,52,-16,37
2005,CONCACAF CL,Pumas UNAM,6,3,2,1,11,6,5,11
2005,CONCACAF CL,Deportivo Saprissa,6,3,2,1,8,6,2,11
2005,CONCACAF CL,D.C. United,4,2,1,1,5,8,-3,7
2005,CONCACAF CL,Monterrey,4,1,2,1,5,4,1,5
2005,CONCACAF CL,Club Olimpia Deportivo,2,0,1,1,2,3,-1,1
2005,CONCACAF CL,CSD Municipal,2,0,1,1,1,2,-1,1
2005,CONCACAF CL,Sporting Kansas City,2,0,1,1,1,2,-1,1
2005,CONCACAF CL,Harbour View F.C.,2,0,0,2,2,4,-2,0
2005,MLS,San Jose Earthquakes,34,18,11,5,55,35,20,65
2005,MLS,New England Revolution,36,19,8,9,59,40,19,65
2005,MLS,D.C. United,34,16,7,11,58,41,17,55
2005,MLS,LA Galaxy,36,16,7,13,51,47,4,55
2005,MLS,Chicago Fire FC,35,16,5,14,53,51,2,53
2005,MLS,FC Dallas,34,13,11,10,54,46,8,50
2005,MLS,Red Bull New York,34,13,11,10,55,52,3,50
2005,MLS,Colorado Rapids,35,13,8,14,42,41,1,47
2005,MLS,Sporting Kansas City,32,11,12,9,52,44,8,45
2005,MLS,Columbus Crew,32,11,5,16,34,45,-11,38
2005,MLS,Real Salt Lake,33,6,5,22,31,65,-34,23
2005,MLS,Chivas USA,33,4,6,23,31,68,-37,18
2005-06,Liga MX,Pachuca,44,21,13,10,73,46,27,76
2005-06,Liga MX,Toluca,44,20,10,14,63,50,13,70
2005-06,Liga MX,Monterrey,40,18,9,13,61,49,12,63
2005-06,Liga MX,Cruz Azul,38,18,8,12,65,44,21,62
2005-06,Liga MX,América,36,19,5,12,58,50,8,62
2005-06,Liga MX,Chiapas,36,15,11,10,63,51,12,56
2005-06,Liga MX,San Luis,40,14,10,16,46,47,-1,52
2005-06,Liga MX,Tigres UANL,38,12,13,13,52,46,6,49
2005-06,Liga MX,Necaxa,36,14,7,15,54,63,-9,49
2005-06,Liga MX,Guadalajara,38,12,12,14,45,57,-12,48
2005-06,Liga MX,U.A. de G.,36,13,7,16,45,64,-19,46
2005-06,Liga MX,Atlético Morelia,36,12,9,15,49,53,-4,45
2005-06,Liga MX,Atlante,36,12,7,17,48,53,-5,43
2005-06,Liga MX,Atlas,34,11,8,15,45,47,-2,41
2005-06,Liga MX,Sinaloa,34,9,13,12,44,55,-11,40
2005-06,Liga MX,Santos,34,8,14,12,51,56,-5,38
2005-06,Liga MX,Pumas UNAM,34,9,11,14,32,50,-18,38
2005-06,Liga MX,Veracruz,34,8,11,15,40,53,-13,35
2006,CONCACAF CL,América,6,4,2,0,11,5,6,14
2006,CONCACAF CL,Toluca,6,3,1,2,9,6,3,10
2006,CONCACAF CL,Deportivo Saprissa,4,2,1,1,6,6,0,7
2006,CONCACAF CL,Alajuelense,4,1,2,1,2,2,0,5
2006,CONCACAF CL,LA Galaxy,2,0,1,1,2,3,-1,1
2006,CONCACAF CL,New England Revolution,2,0,1,1,0,1,-1,1
2006,CONCACAF CL,Club Olimpia Deportivo,2,0,0,2,1,4,-3,0
2006,CONCACAF CL,Portmore United,2,0,0,2,3,7,-4,0
2006,MLS,D.C. United,35,16,11,8,54,40,14,59
2006,MLS,New England Revolution,36,14,13,9,43,38,5,55
2006,MLS,FC Dallas,34,17,4,13,52,48,4,55
2006,MLS,Houston Dynamo FC,36,13,14,9,51,44,7,53
2006,MLS,Chicago Fire FC,34,14,8,12,45,43,2,50
2006,MLS,Chivas USA,34,11,13,10,47,45,2,46
2006,MLS,Colorado Rapids,35,12,8,15,41,56,-15,44
2006,MLS,Red Bull New York,34,9,13,12,42,43,-1,40
2006,MLS,LA Galaxy,32,11,6,15,37,37,0,39
2006,MLS,Real Salt Lake,32,10,9,13,45,49,-4,39
2006,MLS,Sporting Kansas City,32,10,8,14,43,45,-2,38
2006,MLS,Columbus Crew,32,8,9,15,30,42,-12,33
2006-07,Liga MX,Guadalajara,46,23,12,11,74,42,32,81
2006-07,Liga MX,Pachuca,43,22,13,8,79,42,37,79
2006-07,Liga MX,América,44,21,12,11,64,43,21,75
2006-07,Liga MX,Cruz Azul,39,19,8,12,54,44,10,65
2006-07,Liga MX,Toluca,42,13,19,10,50,39,11,58
2006-07,Liga MX,Atlas,40,14,14,12,54,50,4,56
2006-07,Liga MX,Pumas UNAM,36,11,17,8,41,31,10,50
2006-07,Liga MX,San Luis,36,14,8,14,36,37,-1,50
2006-07,Liga MX,Monterrey,36,12,11,13,45,46,-1,47
2006-07,Liga MX,Atlético Morelia,36,14,5,17,48,52,-4,47
2006-07,Liga MX,Chiapas,36,12,9,15,36,44,-8,45
2006-07,Liga MX,Atlante,34,12,8,14,40,47,-7,44
2006-07,Liga MX,Querétaro,34,9,13,12,35,45,-10,40
2006-07,Liga MX,U.A. de G.,36,9,11,16,52,60,-8,38
2006-07,Liga MX,Santos,38,8,14,16,44,54,-10,38
2006-07,Liga MX,Veracruz,36,11,5,20,38,70,-32,38
2006-07,Liga MX,Tigres UANL,36,9,10,17,34,63,-29,37
2006-07,Liga MX,Necaxa,34,8,11,15,37,52,-15,35
2007,CONCACAF CL,Pachuca,6,4,1,1,10,6,4,13
2007,CONCACAF CL,Guadalajara,6,2,2,2,9,6,3,8
2007,CONCACAF CL,D.C. United,4,2,1,1,9,6,3,7
2007,CONCACAF CL,Houston Dynamo FC,4,2,0,2,6,6,0,6
2007,CONCACAF CL,Puntarenas F.C.,2,1,0,1,1,2,-1,3
2007,CONCACAF CL,W Connection,2,1,0,1,2,4,-2,3
2007,CONCACAF CL,Deportivo Marquense,2,0,0,2,0,3,-3,0
2007,CONCACAF CL,Club Deportivo Olimpia,2,0,0,2,3,7,-4,0
2007,MLS,Houston Dynamo FC,34,18,7,9,51,26,25,61
2007,MLS,New England Revolution,34,16,9,9,54,45,9,57
2007,MLS,D.C. United,32,16,8,8,58,37,21,56
2007,MLS,Chivas USA,32,15,9,8,46,29,17,54
2007,MLS,FC Dallas,32,14,5,13,39,48,-9,47
2007,MLS,Red Bull New York,32,12,8,12,47,46,1,44
2007,MLS,Sporting Kansas City,33,12,8,13,46,47,-1,44
2007,MLS,Chicago Fire FC,33,11,11,11,34,39,-5,44
2007,MLS,Columbus Crew,30,9,10,11,39,44,-5,37
2007,MLS,Colorado Rapids,30,9,8,13,29,34,-5,35
2007,MLS,LA Galaxy,30,9,7,14,38,48,-10,34
2007,MLS,Real Salt Lake,30,6,9,15,31,45,-14,27
2007,MLS,Toronto FC,30,6,7,17,25,49,-24,25
2007-08,Liga MX,Santos,44,24,16,4,94,55,39,88
2007-08,Liga MX,Guadalajara,40,20,12,8,68,40,28,72
2007-08,Liga MX,Cruz Azul,44,20,10,14,67,48,19,70
2007-08,Liga MX,San Luis,42,17,15,10,61,60,1,66
2007-08,Liga MX,Toluca,38,17,13,8,52,39,13,64
2007-08,Liga MX,Atlante,40,16,15,9,62,52,10,63
2007-08,Liga MX,Pumas UNAM,40,13,13,14,62,52,10,52
2007-08,Liga MX,Pachuca,38,14,7,17,55,56,-1,49
2007-08,Liga MX,Chiapas,36,11,14,11,47,49,-2,47
2007-08,Liga MX,Necaxa,38,10,17,11,44,48,-4,47
2007-08,Liga MX,Monterrey,38,10,14,14,56,55,1,44
2007-08,Liga MX,Atlético Morelia,38,12,7,19,36,56,-20,43
2007-08,Liga MX,América,36,11,7,18,39,52,-13,40
2007-08,Liga MX,Puebla,34,9,11,14,44,49,-5,38
2007-08,Liga MX,Atlas,36,9,10,17,45,58,-13,37
2007-08,Liga MX,Tigres UANL,34,9,8,17,35,50,-15,35
2007-08,Liga MX,Veracruz,34,9,8,17,42,64,-22,35
2007-08,Liga MX,U.A. de G.,34,9,7,18,41,67,-26,34
2008,CONCACAF CL,Marathón,8,5,2,1,16,8,8,17
2008,CONCACAF CL,Cruz Azul,8,5,1,2,20,4,16,16
2008,CONCACAF CL,Pumas UNAM,7,4,3,0,21,7,14,15
2008,CONCACAF CL,CF Montréal,8,4,3,1,11,5,6,15
2008,CONCACAF CL,Tauro FC,8,3,3,2,12,11,1,12
2008,CONCACAF CL,Puerto Rico Islanders,8,3,3,2,12,12,0,12
2008,CONCACAF CL,Atlante,6,3,2,1,6,3,3,11
2008,CONCACAF CL,Santos,6,3,1,2,14,11,3,10
2008,CONCACAF CL,Saprissa,6,3,1,2,7,9,-2,10
2008,CONCACAF CL,Houston Dynamo FC,6,2,3,1,9,9,0,9
2008,CONCACAF CL,Joe Public,8,3,0,5,9,16,-7,9
2008,CONCACAF CL,Olímpia (H),6,2,2,2,10,6,4,8
2008,CONCACAF CL,Luis Angel Firpo,6,2,2,2,6,8,-2,8
2008,CONCACAF CL,Municipal,6,1,3,2,12,13,-1,6
2008,CONCACAF CL,San Francisco,8,1,2,5,9,14,-5,5
2008,CONCACAF CL,Deportivo Jalapa,2,1,0,1,1,5,-4,3
2008,CONCACAF CL,Isidro Metapán,2,0,1,1,3,4,-1,1
2008,CONCACAF CL,Alajuelense,2,0,1,1,2,3,-1,1
2008,CONCACAF CL,Real Estelí,2,0,1,1,0,1,-1,1
2008,CONCACAF CL,Chivas USA,2,0,1,1,1,3,-2,1
2008,CONCACAF CL,D.C. United,6,0,1,5,4,13,-9,1
2008,CONCACAF CL,Harbour View,1,0,0,1,0,3,-3,0
2008,CONCACAF CL,New England Revolution,2,0,0,2,1,6,-5,0
2008,CONCACAF CL,Verdes FC,2,0,0,2,0,12,-12,0
2008,MLS,Columbus Crew,34,20,7,7,58,39,19,67
2008,MLS,Houston Dynamo FC,32,13,13,6,46,36,10,52
2008,MLS,Chicago Fire FC,33,14,8,11,48,35,13,50
2008,MLS,Red Bull New York,34,12,10,12,48,52,-4,46
2008,MLS,Real Salt Lake,33,11,11,11,43,42,1,44
2008,MLS,Chivas USA,32,12,8,12,42,44,-2,44
2008,MLS,New England Revolution,32,12,8,12,40,46,-6,44
2008,MLS,Sporting Kansas City,32,11,10,11,38,42,-4,43
2008,MLS,Colorado Rapids,30,11,5,14,44,45,-1,38
2008,MLS,D.C. United,30,11,4,15,43,51,-8,37
2008,MLS,FC Dallas,30,8,12,10,45,41,4,36
2008,MLS,Toronto FC,30,9,8,13,34,43,-9,35
2008,MLS,San Jose Earthquakes,30,8,9,13,32,38,-6,33
2008,MLS,LA Galaxy,30,8,9,13,55,62,-7,33
2008-09,Liga MX,Toluca,42,20,15,7,65,39,26,75
2008-09,Liga MX,Pachuca,40,19,10,11,78,55,23,67
2008-09,Liga MX,Pumas UNAM,42,18,11,13,55,40,15,65
2008-09,Liga MX,U.A. de G.,38,14,12,12,53,50,3,54
2008-09,Liga MX,Santos,38,12,15,11,53,44,9,51
2008-09,Liga MX,Cruz Azul,40,12,14,14,64,61,3,50
2008-09,Liga MX,Indios de Ciudad Juárez,38,12,13,13,43,52,-9,49
2008-09,Liga MX,Puebla,38,11,15,12,41,51,-10,48
2008-09,Liga MX,Atlante,38,10,17,11,44,43,1,47
2008-09,Liga MX,Atlético Morelia,34,11,13,10,46,40,6,46
2008-09,Liga MX,Guadalajara,34,11,13,10,44,43,1,46
2008-09,Liga MX,Monterrey,36,12,10,14,49,53,-4,46
2008-09,Liga MX,San Luis,36,12,10,14,47,52,-5,46
2008-09,Liga MX,América,34,11,11,12,47,50,-3,44
2008-09,Liga MX,Atlas,34,11,10,13,45,56,-11,43
2008-09,Liga MX,Tigres UANL,36,9,15,12,39,44,-5,42
2008-09,Liga MX,Chiapas,36,10,9,17,43,63,-20,39
2008-09,Liga MX,Necaxa,34,6,13,15,34,54,-20,31
2009,CONCACAF CL,Cruz Azul,14,9,3,2,27,11,16,30
2009,CONCACAF CL,Pachuca,8,7,0,1,25,5,20,21
2009,CONCACAF CL,Puerto Rico Islanders,12,4,4,4,13,16,-3,16
2009,CONCACAF CL,D.C. United,8,4,2,2,14,10,4,14
2009,CONCACAF CL,Toluca,6,4,1,1,15,4,11,13
2009,CONCACAF CL,Pumas UNAM,8,4,1,3,15,8,7,13
2009,CONCACAF CL,Arabe Unido,8,4,1,3,15,11,4,13
2009,CONCACAF CL,Marathón,8,4,0,4,13,17,-4,12
2009,CONCACAF CL,Atlante,6,3,2,1,10,4,6,11
2009,CONCACAF CL,W Connection FC,8,3,2,3,14,12,2,11
2009,CONCACAF CL,Comunicaciones,6,3,0,3,6,8,-2,9
2009,CONCACAF CL,Real España,8,3,0,5,12,17,-5,9
2009,CONCACAF CL,Houston Dynamo FC,8,2,2,4,10,12,-2,8
2009,CONCACAF CL,Columbus Crew,6,2,2,2,5,9,-4,8
2009,CONCACAF CL,Santos,4,2,0,2,8,8,0,6
2009,CONCACAF CL,Saprissa,6,1,2,3,6,8,-2,5
2009,CONCACAF CL,Olímpia (H),2,1,0,1,2,2,0,3
2009,CONCACAF CL,CF Montréal,2,1,0,1,4,5,-1,3
2009,CONCACAF CL,San Francisco,2,1,0,1,2,3,-1,3
2009,CONCACAF CL,Barrio México,2,1,0,1,3,6,-3,3
2009,CONCACAF CL,San Juan Jabloteh,8,1,0,7,7,19,-12,3
2009,CONCACAF CL,Isidro Metapán,6,1,0,5,3,19,-16,3
2009,CONCACAF CL,Luis Angel Firpo,2,0,1,1,2,2,0,1
2009,CONCACAF CL,Red Bull New York,2,0,1,1,3,4,-1,1
2009,CONCACAF CL,Toronto FC,2,0,1,1,0,1,-1,1
2009,CONCACAF CL,Herediano,2,0,1,1,2,6,-4,1
2009,CONCACAF CL,Deportivo Jalapa,2,0,0,2,1,10,-9,0
2009,MLS,LA Galaxy,34,14,13,7,42,34,8,55
2009,MLS,Real Salt Lake,34,15,7,12,48,38,10,52
2009,MLS,Houston Dynamo FC,33,14,10,9,40,31,9,52
2009,MLS,Columbus Crew,32,13,10,9,43,35,8,49
2009,MLS,Seattle Sounders FC,32,12,12,8,38,30,8,48
2009,MLS,Chicago Fire FC,33,12,12,9,42,36,6,48
2009,MLS,Chivas USA,32,13,7,12,36,34,2,46
2009,MLS,New England Revolution,32,12,9,11,35,40,-5,45
2009,MLS,Colorado Rapids,30,10,10,10,42,38,4,40
2009,MLS,D.C. United,30,9,13,8,43,44,-1,40
2009,MLS,FC Dallas,30,11,6,13,50,47,3,39
2009,MLS,Toronto FC,30,10,9,11,37,46,-9,39
2009,MLS,Sporting Kansas City,30,8,9,13,33,42,-9,33
2009,MLS,San Jose Earthquakes,30,7,9,14,36,50,-14,30
2009,MLS,Red Bull New York,30,5,6,19,27,47,-20,21
2009-10,Liga MX,Toluca,44,23,12,9,70,44,26,81
2009-10,Liga MX,Monterrey,42,23,11,8,69,40,29,80
2009-10,Liga MX,Atlético Morelia,42,20,9,13,67,44,23,69
2009-10,Liga MX,Cruz Azul,40,20,6,14,68,52,16,66
2009-10,Liga MX,Santos,42,18,12,12,72,60,12,66
2009-10,Liga MX,América,38,15,12,11,61,42,19,57
2009-10,Liga MX,Pachuca,38,16,8,14,56,59,-3,56
2009-10,Liga MX,Guadalajara,36,15,6,15,53,55,-2,51
2009-10,Liga MX,Pumas UNAM,36,12,12,12,37,35,2,48
2009-10,Liga MX,Puebla,36,11,13,12,53,57,-4,46
2009-10,Liga MX,Atlas,34,12,6,16,40,48,-8,42
2009-10,Liga MX,Tigres UANL,34,10,11,13,42,44,-2,41
2009-10,Liga MX,U.A. de G.,34,10,9,15,49,61,-12,39
2009-10,Liga MX,Atlante,34,11,6,17,39,52,-13,39
2009-10,Liga MX,Querétaro,34,11,6,17,30,54,-24,39
2009-10,Liga MX,Chiapas,34,9,11,14,39,46,-7,38
2009-10,Liga MX,San Luis,36,9,11,16,40,54,-14,38
2009-10,Liga MX,Indios de Ciudad Juárez,34,4,9,21,17,55,-38,21
2010,CONCACAF CL,Cruz Azul,14,9,1,4,35,14,21,28
2010,CONCACAF CL,Santos,8,6,1,1,25,7,18,19
2010,CONCACAF CL,Monterrey,6,5,1,0,11,4,7,16
2010,CONCACAF CL,Toluca,10,4,3,3,21,11,10,15
2010,CONCACAF CL,Real Salt Lake,6,4,1,1,17,11,6,13
2010,CONCACAF CL,Columbus Crew,8,4,1,3,14,9,5,13
2010,CONCACAF CL,Olímpia (H),6,4,1,1,12,7,5,13
2010,CONCACAF CL,Toronto FC,8,3,3,2,8,9,-1,12
2010,CONCACAF CL,Marathón,10,4,0,6,12,19,-7,12
2010,CONCACAF CL,Pachuca,6,3,2,1,7,5,2,11
2010,CONCACAF CL,Puerto Rico Islanders,8,3,2,3,13,13,0,11
2010,CONCACAF CL,Saprissa,6,3,1,2,11,7,4,10
2010,CONCACAF CL,Municipal,6,2,2,2,9,13,-4,8
2010,CONCACAF CL,Seattle Sounders FC,8,2,1,5,8,12,-4,7
2010,CONCACAF CL,Pumas UNAM,4,2,0,2,7,8,-1,6
2010,CONCACAF CL,CD FAS,8,1,3,4,5,16,-11,6
2010,CONCACAF CL,Joe Public,8,1,2,5,13,25,-12,5
2010,CONCACAF CL,LA Galaxy,2,1,0,1,3,5,-2,3
2010,CONCACAF CL,Tauro FC,2,1,0,1,2,4,-2,3
2010,CONCACAF CL,Arabe Unido,8,1,0,7,4,18,-14,3
2010,CONCACAF CL,Comunicaciones,2,0,1,1,2,3,-1,1
2010,CONCACAF CL,FC Motagua,2,0,1,1,2,3,-1,1
2010,CONCACAF CL,Isidro Metapán,2,0,1,1,1,2,-1,1
2010,CONCACAF CL,Orión FC,2,0,1,1,4,6,-2,1
2010,CONCACAF CL,Xelaju,2,0,1,1,1,3,-2,1
2010,CONCACAF CL,San Juan Jabloteh,2,0,0,2,0,6,-6,0
2010,CONCACAF CL,San Francisco,2,0,0,2,2,9,-7,0
2010,MLS,LA Galaxy,33,20,5,8,47,30,17,65
2010,MLS,Real Salt Lake,32,15,12,5,47,23,24,57
2010,MLS,FC Dallas,34,14,15,5,49,32,17,57
2010,MLS,Colorado Rapids,34,15,10,9,49,35,14,55
2010,MLS,Red Bull New York,32,16,6,10,40,32,8,54
2010,MLS,Columbus Crew,32,15,8,9,42,36,6,53
2010,MLS,San Jose Earthquakes,33,14,7,12,37,36,1,49
2010,MLS,Seattle Sounders FC,32,14,6,12,40,38,2,48
2010,MLS,Sporting Kansas City,30,11,6,13,36,35,1,39
2010,MLS,Chicago Fire FC,30,9,9,12,37,38,-1,36
2010,MLS,Toronto FC,30,9,8,13,33,41,-8,35
2010,MLS,Houston Dynamo FC,30,9,6,15,40,49,-9,33
2010,MLS,New England Revolution,30,9,5,16,32,50,-18,32
2010,MLS,Philadelphia Union,30,8,7,15,35,49,-14,31
2010,MLS,Chivas USA,30,8,4,18,31,45,-14,28
2010,MLS,D.C. United,30,6,4,20,21,47,-26,22
2010,MLS,Manchester United,1,1,0,0,5,2,3,3
2010,MLS,MLS All-Stars,1,0,0,1,2,5,-3,0
2010-11,Liga MX,Cruz Azul,40,22,9,9,64,40,24,75
2010-11,Liga MX,Pumas UNAM,44,21,12,11,62,47,15,75
2010-11,Liga MX,Monterrey,42,19,13,10,66,50,16,70
2010-11,Liga MX,Santos,40,19,7,14,61,52,9,64
2010-11,Liga MX,Atlético Morelia,40,17,11,12,58,48,10,62
2010-11,Liga MX,Tigres UANL,36,16,12,8,52,29,23,60
2010-11,Liga MX,América,40,16,10,14,64,55,9,58
2010-11,Liga MX,Guadalajara,38,11,19,8,44,35,9,52
2010-11,Liga MX,San Luis,36,12,12,12,42,41,1,48
2010-11,Liga MX,Pachuca,36,11,12,13,47,57,-10,45
2010-11,Liga MX,Atlante,36,12,8,16,46,46,0,44
2010-11,Liga MX,Toluca,34,10,13,11,46,47,-1,43
2010-11,Liga MX,Chiapas,36,10,10,16,37,46,-9,40
2010-11,Liga MX,Puebla,34,10,7,17,37,52,-15,37
2010-11,Liga MX,Atlas,34,9,9,16,37,46,-9,36
2010-11,Liga MX,Querétaro,34,9,8,17,34,63,-29,35
2010-11,Liga MX,U.A. de G.,34,8,8,18,39,70,-31,32
2010-11,Liga MX,Necaxa,34,7,10,17,24,36,-12,31
2011,CONCACAF CL,Monterrey,12,8,2,2,19,8,11,26
2011,CONCACAF CL,Atlético Morelia,8,6,0,2,18,5,13,18
2011,CONCACAF CL,Santos,10,5,1,4,21,14,7,16
2011,CONCACAF CL,Toronto FC,8,5,1,2,11,9,2,16
2011,CONCACAF CL,Seattle Sounders FC,8,4,1,3,12,8,4,13
2011,CONCACAF CL,FC Dallas,8,4,1,3,8,11,-3,13
2011,CONCACAF CL,LA Galaxy,6,4,0,2,8,4,4,12
2011,CONCACAF CL,Alajuelense,6,4,0,2,8,6,2,12
2011,CONCACAF CL,Isidro Metapán,8,4,0,4,13,18,-5,12
2011,CONCACAF CL,Pumas UNAM,6,3,2,1,8,2,6,11
2011,CONCACAF CL,Herediano,8,3,1,4,16,13,3,10
2011,CONCACAF CL,Saprissa,4,3,0,1,5,4,1,9
2011,CONCACAF CL,Real Salt Lake,6,2,2,2,9,6,3,8
2011,CONCACAF CL,Cruz Azul,4,2,1,1,7,4,3,7
2011,CONCACAF CL,Colorado Rapids,6,2,1,3,9,12,-3,7
2011,CONCACAF CL,Comunicaciones,6,2,1,3,8,13,-5,7
2011,CONCACAF CL,Tauro FC,6,1,2,3,7,8,-1,5
2011,CONCACAF CL,Real España,6,1,2,3,9,11,-2,5
2011,CONCACAF CL,Puerto Rico Islanders,2,1,0,1,3,3,0,3
2011,CONCACAF CL,San Francisco,2,1,0,1,1,2,-1,3
2011,CONCACAF CL,Municipal,2,1,0,1,2,4,-2,3
2011,CONCACAF CL,Olímpia (H),4,1,0,3,4,7,-3,3
2011,CONCACAF CL,FC Motagua,8,1,0,7,6,16,-10,3
2011,CONCACAF CL,Columbus Crew,2,0,1,1,1,4,-3,1
2011,CONCACAF CL,Alpha United,2,0,1,1,2,10,-8,1
2011,CONCACAF CL,Real Estelí,2,0,0,2,2,4,-2,0
2011,CONCACAF CL,Alianza FC,2,0,0,2,0,2,-2,0
2011,CONCACAF CL,Toluca,2,0,0,2,0,2,-2,0
2011,CONCACAF CL,Tempete,2,0,0,2,0,7,-7,0
2011,MLS,LA Galaxy,38,23,10,5,55,30,25,79
2011,MLS,Seattle Sounders FC,36,19,9,8,58,40,18,66
2011,MLS,Houston Dynamo FC,38,15,13,10,50,43,7,58
2011,MLS,Sporting Kansas City,37,15,12,10,54,42,12,57
2011,MLS,Real Salt Lake,37,16,8,13,48,41,7,56
2011,MLS,FC Dallas,35,15,7,13,42,41,1,52
2011,MLS,Colorado Rapids,37,13,13,11,45,45,0,52
2011,MLS,Red Bull New York,37,11,16,10,53,47,6,49
2011,MLS,Philadelphia Union,36,11,15,10,45,39,6,48
2011,MLS,Columbus Crew,35,13,8,14,43,45,-2,47
2011,MLS,Chicago Fire FC,34,9,16,9,46,45,1,43
2011,MLS,Portland Timbers,34,11,9,14,40,48,-8,42
2011,MLS,D.C. United,34,9,12,13,49,52,-3,39
2011,MLS,San Jose Earthquakes,34,8,14,12,40,45,-5,38
2011,MLS,Chivas USA,34,8,12,14,41,43,-2,36
2011,MLS,Toronto FC,34,6,15,13,36,59,-23,33
2011,MLS,New England Revolution,34,5,13,16,38,58,-20,28
2011,MLS,Vancouver Whitecaps,34,6,10,18,35,55,-20,28
2011,MLS,Manchester United,1,1,0,0,4,0,4,3
2011,MLS,MLS All-Stars,1,0,0,1,0,4,-4,0
2011-12,Liga MX,Tigres UANL,44,23,14,7,61,34,27,83
2011-12,Liga MX,Santos,46,24,10,12,83,63,20,82
2011-12,Liga MX,Atlético Morelia,40,19,9,12,59,51,8,66
2011-12,Liga MX,Monterrey,40,18,11,11,67,47,20,65
2011-12,Liga MX,Pachuca,38,15,12,11,54,49,5,57
2011-12,Liga MX,Cruz Azul,36,14,12,10,52,39,13,54
2011-12,Liga MX,Chiapas,38,15,9,14,61,53,8,54
2011-12,Liga MX,América,38,13,12,13,59,53,6,51
2011-12,Liga MX,Tijuana,36,10,17,9,42,38,4,47
2011-12,Liga MX,Guadalajara,36,12,10,14,37,41,-4,46
2011-12,Liga MX,Querétaro,38,11,10,17,40,53,-13,43
2011-12,Liga MX,Toluca,34,10,12,12,43,54,-11,42
2011-12,Liga MX,Puebla,34,11,8,15,45,52,-7,41
2011-12,Liga MX,Pumas UNAM,34,10,11,13,32,43,-11,41
2011-12,Liga MX,San Luis,34,9,9,16,38,50,-12,36
2011-12,Liga MX,Atlante,34,9,8,17,44,59,-15,35
2011-12,Liga MX,Atlas,34,6,14,14,27,43,-16,32
2011-12,Liga MX,U.A. de G.,34,8,6,20,36,58,-22,30
2012,CONCACAF CL,Monterrey,10,8,1,1,29,5,24,25
2012,CONCACAF CL,Santos,10,7,1,2,29,10,19,22
2012,CONCACAF CL,Seattle Sounders FC,6,5,0,1,15,12,3,15
2012,CONCACAF CL,LA Galaxy,6,3,2,1,15,8,7,11
2012,CONCACAF CL,Toronto FC,8,3,2,3,16,15,1,11
2012,CONCACAF CL,Herediano,4,3,1,0,4,1,3,10
2012,CONCACAF CL,Tigres UANL,4,2,2,0,12,3,9,8
2012,CONCACAF CL,Houston Dynamo FC,4,2,2,0,9,3,6,8
2012,CONCACAF CL,Guadalajara,4,2,1,1,7,3,4,7
2012,CONCACAF CL,Real Salt Lake,4,2,1,1,3,1,2,7
2012,CONCACAF CL,Xelaju,4,2,1,1,7,6,1,7
2012,CONCACAF CL,Alajuelense,4,2,1,1,4,7,-3,7
2012,CONCACAF CL,Municipal,4,2,0,2,4,6,-2,6
2012,CONCACAF CL,Isidro Metapán,6,2,0,4,9,21,-12,6
2012,CONCACAF CL,Olímpia (H),4,1,2,1,6,4,2,5
2012,CONCACAF CL,Pumas UNAM,4,1,1,2,10,6,4,4
2012,CONCACAF CL,Marathón,4,1,1,2,5,7,-2,4
2012,CONCACAF CL,Puerto Rico Islanders,4,1,1,2,4,7,-3,4
2012,CONCACAF CL,CD FAS,4,1,0,3,3,11,-8,3
2012,CONCACAF CL,W Connection FC,4,0,2,2,5,10,-5,2
2012,CONCACAF CL,Caledonia AIA,4,0,1,3,3,8,-5,1
2012,CONCACAF CL,Real Estelí,4,0,1,3,1,7,-6,1
2012,CONCACAF CL,Atlético Morelia,2,0,0,2,2,7,-5,0
2012,CONCACAF CL,Tauro FC,4,0,0,4,1,6,-5,0
2012,CONCACAF CL,Unión Deportivo Universitario,4,0,0,4,2,15,-13,0
2012,CONCACAF CL,Aguila,4,0,0,4,1,17,-16,0
2012,MLS,San Jose Earthquakes,36,20,9,7,74,46,28,69
2012,MLS,LA Galaxy,40,20,6,14,71,53,18,66
2012,MLS,Sporting Kansas City,36,19,9,8,43,29,14,66
2012,MLS,Seattle Sounders FC,38,17,12,9,54,37,17,63
2012,MLS,D.C. United,38,18,9,11,57,48,9,63
2012,MLS,Houston Dynamo FC,40,17,12,11,57,48,9,63
2012,MLS,Red Bull New York,36,16,10,10,58,48,10,58
2012,MLS,Real Salt Lake,36,17,7,12,46,36,10,58
2012,MLS,Chicago Fire FC,35,17,6,12,47,43,4,57
2012,MLS,Columbus Crew,34,15,7,12,44,44,0,52
2012,MLS,Vancouver Whitecaps,35,11,10,14,36,43,-7,43
2012,MLS,CF Montréal,34,12,6,16,45,51,-6,42
2012,MLS,FC Dallas,34,9,12,13,42,47,-5,39
2012,MLS,Colorado Rapids,34,11,4,19,44,50,-6,37
2012,MLS,Philadelphia Union,34,10,6,18,37,45,-8,36
2012,MLS,New England Revolution,34,9,8,17,39,44,-5,35
2012,MLS,Portland Timbers,34,8,10,16,34,56,-22,34
2012,MLS,Chivas USA,34,7,9,18,24,58,-34,30
2012,MLS,Toronto FC,34,5,8,21,36,62,-26,23
2012,MLS,MLS All-Stars,1,1,0,0,3,2,1,3
2012,MLS,Chelsea,1,0,0,1,2,3,-1,0
2012-13,Liga MX,América,44,23,13,8,72,41,31,82
2012-13,Liga MX,Cruz Azul,42,19,13,10,70,45,25,70
2012-13,Liga MX,Tijuana,40,19,11,10,51,40,11,68
2012-13,Liga MX,Atlético Morelia,38,16,15,7,55,41,14,63
2012-13,Liga MX,Toluca,40,18,7,15,51,46,5,61
2012-13,Liga MX,Tigres UANL,36,15,12,9,54,34,20,57
2012-13,Liga MX,Santos,38,15,11,12,46,45,1,56
2012-13,Liga MX,León,38,15,10,13,54,40,14,55
2012-13,Liga MX,Monterrey,40,13,13,14,51,52,-1,52
2012-13,Liga MX,Pumas UNAM,36,15,7,14,38,40,-2,52
2012-13,Liga MX,Atlas,36,10,15,11,37,40,-3,45
2012-13,Liga MX,Pachuca,34,11,8,15,31,45,-14,41
2012-13,Liga MX,Chiapas,34,10,9,15,44,56,-12,39
2012-13,Liga MX,Guadalajara,36,9,12,15,34,46,-12,39
2012-13,Liga MX,Atlante,34,9,6,19,39,61,-22,33
2012-13,Liga MX,Puebla,34,8,8,18,36,54,-18,32
2012-13,Liga MX,San Luis,34,7,10,17,33,49,-16,31
2012-13,Liga MX,Querétaro,34,7,10,17,29,50,-21,31
2013,CONCACAF CL,Monterrey,6,4,2,0,11,5,6,14
2013,CONCACAF CL,LA Galaxy,8,4,1,3,11,8,3,13
2013,CONCACAF CL,Toluca,4,4,0,0,15,4,11,12
2013,CONCACAF CL,Cruz Azul,4,4,0,0,10,2,8,12
2013,CONCACAF CL,Tijuana,4,3,1,0,10,2,8,10
2013,CONCACAF CL,Houston Dynamo FC,6,3,1,2,5,5,0,10
2013,CONCACAF CL,Arabe Unido,4,3,0,1,7,3,4,9
2013,CONCACAF CL,Alajuelense,4,3,0,1,4,1,3,9
2013,CONCACAF CL,Sporting Kansas City,4,2,2,0,5,1,4,8
2013,CONCACAF CL,Santos,6,2,2,2,7,6,1,8
2013,CONCACAF CL,Luis Angel Firpo,4,2,1,1,6,3,3,7
2013,CONCACAF CL,Herediano,6,2,1,3,12,12,0,7
2013,CONCACAF CL,Olímpia (H),4,2,1,1,2,2,0,7
2013,CONCACAF CL,América,4,2,0,2,4,2,2,6
2013,CONCACAF CL,San Jose Earthquakes,4,2,0,2,4,2,2,6
2013,CONCACAF CL,Comunicaciones,4,2,0,2,7,7,0,6
2013,CONCACAF CL,CF Montréal,4,2,0,2,3,4,-1,6
2013,CONCACAF CL,Heredia,4,2,0,2,2,3,-1,6
2013,CONCACAF CL,Isidro Metapán,4,1,1,2,6,5,1,4
2013,CONCACAF CL,Seattle Sounders FC,4,1,1,2,4,4,0,4
2013,CONCACAF CL,Cartagines,4,1,1,2,4,7,-3,4
2013,CONCACAF CL,Tigres UANL,2,1,0,1,2,3,-1,3
2013,CONCACAF CL,Sporting SM,4,1,0,3,1,6,-5,3
2013,CONCACAF CL,Xelaju,2,0,1,1,2,4,-2,1
2013,CONCACAF CL,Real Estelí,4,0,1,3,1,5,-4,1
2013,CONCACAF CL,W Connection FC,4,0,1,3,1,7,-6,1
2013,CONCACAF CL,CD Victoria,4,0,0,4,4,15,-11,0
2013,CONCACAF CL,Valencia (HAI),4,0,0,4,4,15,-11,0
2013,CONCACAF CL,Caledonia AIA,4,0,0,4,2,13,-11,0
2013,MLS,Sporting Kansas City,39,20,8,11,54,35,19,68
2013,MLS,Real Salt Lake,39,19,8,12,65,45,20,65
2013,MLS,Portland Timbers,38,16,15,7,61,41,20,63
2013,MLS,Red Bull New York,36,17,9,10,61,45,16,60
2013,MLS,Houston Dynamo FC,39,16,11,12,49,46,3,59
2013,MLS,LA Galaxy,36,16,8,12,54,40,14,56
2013,MLS,Seattle Sounders FC,37,16,7,14,47,47,0,55
2013,MLS,New England Revolution,36,15,9,12,52,42,10,54
2013,MLS,Colorado Rapids,35,14,9,12,45,40,5,51
2013,MLS,San Jose Earthquakes,34,14,9,11,35,42,-7,51
2013,MLS,CF Montréal,35,14,7,14,50,52,-2,49
2013,MLS,Chicago Fire FC,34,14,7,13,47,52,-5,49
2013,MLS,Vancouver Whitecaps,34,13,9,12,53,45,8,48
2013,MLS,Philadelphia Union,34,12,10,12,42,44,-2,46
2013,MLS,FC Dallas,34,11,11,12,48,52,-4,44
2013,MLS,Columbus Crew,34,12,5,17,42,46,-4,41
2013,MLS,Toronto FC,34,6,11,17,30,47,-17,29
2013,MLS,Chivas USA,34,6,8,20,30,67,-37,26
2013,MLS,D.C. United,34,3,7,24,22,59,-37,16
2013,MLS,AS Roma,1,1,0,0,3,1,2,3
2013,MLS,MLS All-Stars,1,0,0,1,1,3,-2,0
2013-14,Liga MX,León,46,21,15,10,74,44,30,78
2013-14,Liga MX,Santos,42,19,14,9,84,67,17,71
2013-14,Liga MX,Toluca,42,19,13,10,67,38,29,70
2013-14,Liga MX,América,42,20,10,12,65,45,20,70
2013-14,Liga MX,Cruz Azul,38,19,11,8,53,43,10,68
2013-14,Liga MX,Pachuca,40,13,12,15,49,50,-1,51
2013-14,Liga MX,Atlético Morelia,36,13,10,13,50,50,0,49
2013-14,Liga MX,Chiapas,34,12,12,10,49,48,1,48
2013-14,Liga MX,Tigres UANL,36,11,15,10,39,40,-1,48
2013-14,Liga MX,Querétaro,36,13,8,15,41,47,-6,47
2013-14,Liga MX,Tijuana,36,12,10,14,43,49,-6,46
2013-14,Liga MX,Monterrey,34,11,10,13,42,43,-1,43
2013-14,Liga MX,Puebla,34,8,13,13,33,40,-7,37
2013-14,Liga MX,Pumas UNAM,36,8,13,15,37,46,-9,37
2013-14,Liga MX,Veracruz,34,7,15,12,34,49,-15,36
2013-14,Liga MX,Atlas,34,6,15,13,35,47,-12,33
2013-14,Liga MX,Guadalajara,34,7,12,15,29,48,-19,33
2013-14,Liga MX,Atlante,34,8,6,20,39,69,-30,30
2014,CONCACAF CL,Cruz Azul,10,3,4,3,13,7,6,13
2014,CONCACAF CL,D.C. United,4,4,0,0,6,1,5,12
2014,CONCACAF CL,Toluca,6,3,3,0,6,3,3,12
2014,CONCACAF CL,América,4,3,1,0,19,3,16,10
2014,CONCACAF CL,Herediano,4,3,1,0,11,4,7,10
2014,CONCACAF CL,CF Montréal,4,3,1,0,6,3,3,10
2014,CONCACAF CL,Sporting Kansas City,6,3,1,2,9,9,0,10
2014,CONCACAF CL,Alajuelense,8,2,4,2,6,6,0,10
2014,CONCACAF CL,Pachuca,4,3,0,1,17,8,9,9
2014,CONCACAF CL,Portland Timbers,4,3,0,1,15,6,9,9
2014,CONCACAF CL,Olimpia,4,3,0,1,12,5,7,9
2014,CONCACAF CL,Comunicaciones,4,2,1,1,8,3,5,7
2014,CONCACAF CL,León,4,2,1,1,10,6,4,7
2014,CONCACAF CL,Saprissa,4,2,1,1,7,4,3,7
2014,CONCACAF CL,Waterhouse,4,2,0,2,7,5,2,6
2014,CONCACAF CL,Tijuana,4,2,0,2,5,5,0,6
2014,CONCACAF CL,Red Bull New York,4,1,2,1,3,2,1,5
2014,CONCACAF CL,Unión Deportivo Universitario,4,1,1,2,2,5,-3,4
2014,CONCACAF CL,Municipal,4,1,1,2,8,12,-4,4
2014,CONCACAF CL,Real Espana,4,1,1,2,5,10,-5,4
2014,CONCACAF CL,LA Galaxy,2,1,0,1,3,4,-1,3
2014,CONCACAF CL,Real Estelí,4,0,2,2,2,8,-6,2
2014,CONCACAF CL,San Jose Earthquakes,2,0,1,1,2,2,0,1
2014,CONCACAF CL,Arabe Unido,2,0,1,1,0,2,-2,1
2014,CONCACAF CL,CD FAS,4,0,1,3,2,6,-4,1
2014,CONCACAF CL,Tauro FC,4,0,0,4,2,9,-7,0
2014,CONCACAF CL,Metapan,4,0,0,4,5,16,-11,0
2014,CONCACAF CL,Alpha United,4,0,0,4,1,17,-16,0
2014,CONCACAF CL,Bayamon FC,4,0,0,4,2,23,-21,0
2014,MLS,LA Galaxy,39,20,11,8,78,40,38,71
2014,MLS,Seattle Sounders FC,38,21,6,11,68,53,15,69
2014,MLS,New England Revolution,39,20,5,14,63,54,9,65
2014,MLS,D.C. United,36,18,8,10,54,40,14,62
2014,MLS,FC Dallas,37,17,8,12,58,47,11,59
2014,MLS,Real Salt Lake,36,15,12,9,54,44,10,57
2014,MLS,Red Bull New York,39,15,12,12,63,57,6,57
2014,MLS,Columbus Crew,36,14,10,12,55,49,6,52
2014,MLS,Vancouver Whitecaps,35,12,14,9,43,42,1,50
2014,MLS,Portland Timbers,34,12,13,9,61,52,9,49
2014,MLS,Sporting Kansas City,35,14,7,14,49,43,6,49
2014,MLS,Philadelphia Union,34,10,12,12,51,51,0,42
2014,MLS,Toronto FC,34,11,8,15,44,54,-10,41
2014,MLS,Houston Dynamo FC,34,11,6,17,39,58,-19,39
2014,MLS,Chicago Fire FC,34,6,18,10,41,51,-10,36
2014,MLS,Chivas USA,34,9,6,19,29,61,-32,33
2014,MLS,Colorado Rapids,34,8,8,18,43,62,-19,32
2014,MLS,San Jose Earthquakes,34,6,12,16,35,50,-15,30
2014,MLS,CF Montréal,34,6,10,18,38,58,-20,28
2014,MLS,MLS All-Stars,1,1,0,0,2,1,1,3
2014,MLS,Bayern Munich,1,0,0,1,1,2,-1,0
2014-15,Liga MX,América,42,20,10,12,61,45,16,70
2014-15,Liga MX,Tigres UANL,42,18,14,10,52,39,13,68
2014-15,Liga MX,Atlas,38,18,9,11,44,47,-3,63
2014-15,Liga MX,Pachuca,40,17,10,13,56,48,8,61
2014-15,Liga MX,Santos,40,15,14,11,57,49,8,59
2014-15,Liga MX,Toluca,38,14,15,9,46,38,8,57
2014-15,Liga MX,Querétaro,40,17,6,17,57,55,2,57
2014-15,Liga MX,Monterrey,38,16,7,15,49,51,-2,55
2014-15,Liga MX,Chiapas,36,12,14,10,47,52,-5,50
2014-15,Liga MX,Pumas UNAM,36,13,10,13,47,48,-1,49
2014-15,Liga MX,Guadalajara,38,11,14,13,37,40,-3,47
2014-15,Liga MX,Cruz Azul,34,12,10,12,30,29,1,46
2014-15,Liga MX,Tijuana,34,11,12,11,51,49,2,45
2014-15,Liga MX,Veracruz,36,10,14,12,39,37,2,44
2014-15,Liga MX,León,34,11,5,18,56,59,-3,38
2014-15,Liga MX,Puebla,34,7,15,12,36,41,-5,36
2014-15,Liga MX,U. de G.,34,8,11,15,23,35,-12,35
2014-15,Liga MX,Atlético Morelia,34,5,8,21,33,59,-26,23
2015,CONCACAF CL,América,10,7,2,1,25,8,17,23
2015,CONCACAF CL,D.C. United,6,4,1,1,13,9,4,13
2015,CONCACAF CL,Herediano,8,3,3,2,10,10,0,12
2015,CONCACAF CL,Real Salt Lake,4,3,1,0,4,1,3,10
2015,CONCACAF CL,Santos,4,3,0,1,12,3,9,9
2015,CONCACAF CL,LA Galaxy,4,2,2,0,12,3,9,8
2015,CONCACAF CL,Tigres UANL,4,2,2,0,5,3,2,8
2015,CONCACAF CL,Querétaro,4,2,1,1,11,2,9,7
2015,CONCACAF CL,Seattle Sounders FC,4,2,1,1,6,3,3,7
2015,CONCACAF CL,FC Motagua,4,2,1,1,5,6,-1,7
2015,CONCACAF CL,Olimpia,6,2,1,3,4,6,-2,7
2015,CONCACAF CL,San Francisco,4,2,0,2,11,5,6,6
2015,CONCACAF CL,Alajuelense,4,2,0,2,10,8,2,6
2015,CONCACAF CL,Arabe Unido,4,2,0,2,5,4,1,6
2015,CONCACAF CL,CF Montréal,6,1,3,2,10,12,-2,6
2015,CONCACAF CL,Saprissa,6,2,0,4,8,14,-6,6
2015,CONCACAF CL,Municipal,4,1,1,2,3,4,-1,4
2015,CONCACAF CL,Vancouver Whitecaps,4,1,1,2,2,5,-3,4
2015,CONCACAF CL,Central FC,4,1,1,2,3,7,-4,4
2015,CONCACAF CL,Comunicaciones,4,1,1,2,2,7,-5,4
2015,CONCACAF CL,Verdes FC,4,1,1,2,2,17,-15,4
2015,CONCACAF CL,Metapan,4,1,0,3,4,7,-3,3
2015,CONCACAF CL,W Connection FC,4,1,0,3,2,10,-8,3
2015,CONCACAF CL,Pachuca,2,0,2,0,3,3,0,2
2015,CONCACAF CL,Santa Tecla,4,0,2,2,3,5,-2,2
2015,CONCACAF CL,Montego Bay United FC,4,0,1,3,4,11,-7,1
2015,CONCACAF CL,Walter Ferretti,4,0,0,4,2,8,-6,0
2015,MLS,Red Bull New York,38,21,6,11,65,45,20,69
2015,MLS,Portland Timbers,40,19,10,11,52,45,7,67
2015,MLS,FC Dallas,38,19,7,12,58,47,11,64
2015,MLS,Columbus Crew,39,17,8,14,65,59,6,59
2015,MLS,Seattle Sounders FC,37,17,6,14,50,41,9,57
2015,MLS,CF Montréal,37,17,6,14,54,48,6,57
2015,MLS,Vancouver Whitecaps,36,16,6,14,45,38,7,54
2015,MLS,D.C. United,37,16,6,15,45,48,-3,54
2015,MLS,LA Galaxy,35,14,9,12,58,49,9,51
2015,MLS,Sporting Kansas City,35,14,9,12,50,47,3,51
2015,MLS,New England Revolution,35,14,8,13,49,49,0,50
2015,MLS,Toronto FC,35,15,4,16,58,61,-3,49
2015,MLS,San Jose Earthquakes,34,13,8,13,41,39,2,47
2015,MLS,Orlando City SC,34,12,8,14,46,56,-10,44
2015,MLS,Houston Dynamo FC,34,11,9,14,42,49,-7,42
2015,MLS,Real Salt Lake,34,11,8,15,38,48,-10,41
2015,MLS,New York City FC,34,10,7,17,49,58,-9,37
2015,MLS,Colorado Rapids,34,9,10,15,33,43,-10,37
2015,MLS,Philadelphia Union,34,10,7,17,42,55,-13,37
2015,MLS,Chicago Fire FC,34,8,6,20,43,58,-15,30
2015,MLS,MLS All-Stars,1,1,0,0,2,1,1,3
2015,MLS,Tottenham Hotspur,1,0,0,1,1,2,-1,0
2015-16,Liga MX,América,42,21,7,14,77,55,22,70
2015-16,Liga MX,Tigres UANL,42,19,11,12,67,44,23,68
2015-16,Liga MX,León,40,21,5,14,71,60,11,68
2015-16,Liga MX,Monterrey,40,20,7,13,79,60,19,67
2015-16,Liga MX,Pumas UNAM,40,19,9,12,69,52,17,66
2015-16,Liga MX,Pachuca,40,17,12,11,70,55,15,63
2015-16,Liga MX,Toluca,38,16,11,11,56,49,7,59
2015-16,Liga MX,Atlético Morelia,36,15,7,14,53,55,-2,52
2015-16,Liga MX,Guadalajara,36,13,11,12,50,44,6,50
2015-16,Liga MX,Puebla,36,13,11,12,45,49,-4,50
2015-16,Liga MX,Santos,36,12,9,15,46,48,-2,45
2015-16,Liga MX,Veracruz,36,11,11,14,42,62,-20,44
2015-16,Liga MX,Cruz Azul,34,10,12,12,44,49,-5,42
2015-16,Liga MX,Querétaro,34,11,8,15,46,51,-5,41
2015-16,Liga MX,Chiapas,36,11,8,17,48,63,-15,41
2015-16,Liga MX,Tijuana,34,8,10,16,38,56,-18,34
2015-16,Liga MX,Atlas,34,8,7,19,35,54,-19,31
2015-16,Liga MX,Dorados de Sinaloa,34,7,8,19,31,61,-30,29
2016,CONCACAF CL,Tigres UANL,10,5,2,3,15,8,7,17
2016,CONCACAF CL,América,6,4,2,0,10,4,6,14
2016,CONCACAF CL,Vancouver Whitecaps,4,4,0,0,10,2,8,12
2016,CONCACAF CL,Arabe Unido,4,4,0,0,12,5,7,12
2016,CONCACAF CL,Pachuca,4,3,1,0,19,4,15,10
2016,CONCACAF CL,Pumas UNAM,4,3,0,1,15,5,10,9
2016,CONCACAF CL,Saprissa,4,2,2,0,11,3,8,8
2016,CONCACAF CL,FC Dallas,4,2,2,0,8,4,4,8
2016,CONCACAF CL,Red Bull New York,4,2,2,0,5,1,4,8
2016,CONCACAF CL,Olimpia,4,2,1,1,13,6,7,7
2016,CONCACAF CL,Portland Timbers,4,2,1,1,7,7,0,7
2016,CONCACAF CL,Honduras Progreso,4,2,1,1,4,4,0,7
2016,CONCACAF CL,Monterrey,4,2,0,2,9,5,4,6
2016,CONCACAF CL,Santos,4,1,2,1,4,1,3,5
2016,CONCACAF CL,Alianza FC,4,1,2,1,5,4,1,5
2016,CONCACAF CL,Querétaro,4,1,2,1,3,3,0,5
2016,CONCACAF CL,Suchitepequez,4,1,2,1,4,6,-2,5
2016,CONCACAF CL,Sporting Kansas City,4,1,1,2,6,8,-2,4
2016,CONCACAF CL,Herediano,4,1,1,2,4,7,-3,4
2016,CONCACAF CL,Plaza Amador,4,1,1,2,3,6,-3,4
2016,CONCACAF CL,Real Estelí,4,0,2,2,3,5,-2,2
2016,CONCACAF CL,Antigua,4,0,2,2,2,7,-5,2
2016,CONCACAF CL,Seattle Sounders FC,2,0,1,1,3,5,-2,1
2016,CONCACAF CL,D.C. United,2,0,1,1,1,3,-2,1
2016,CONCACAF CL,Real Salt Lake,2,0,1,1,1,3,-2,1
2016,CONCACAF CL,LA Galaxy,2,0,1,1,0,4,-4,1
2016,CONCACAF CL,Central FC,4,0,1,3,4,10,-6,1
2016,CONCACAF CL,CD Dragon,4,0,1,3,2,10,-8,1
2016,CONCACAF CL,W Connection FC,4,0,1,3,4,14,-10,1
2016,CONCACAF CL,Don Bosco,4,0,0,4,2,13,-11,0
2016,CONCACAF CL,Police United,4,0,0,4,1,23,-22,0
2016,MLS,Toronto FC,40,18,11,11,68,45,23,65
2016,MLS,FC Dallas,36,18,9,9,52,44,8,63
2016,MLS,Seattle Sounders FC,40,19,6,15,52,46,6,63
2016,MLS,Colorado Rapids,38,16,13,9,41,36,5,61
2016,MLS,LA Galaxy,37,14,16,7,58,41,17,58
2016,MLS,Red Bull New York,36,16,9,11,62,47,15,57
2016,MLS,CF Montréal,39,15,12,12,61,63,-2,57
2016,MLS,New York City FC,36,15,9,12,62,64,-2,54
2016,MLS,Sporting Kansas City,35,13,8,14,42,42,0,47
2016,MLS,D.C. United,35,11,13,11,55,51,4,46
2016,MLS,Real Salt Lake,35,12,10,13,45,49,-4,46
2016,MLS,Portland Timbers,34,12,8,14,48,53,-5,44
2016,MLS,Philadelphia Union,35,11,9,15,53,58,-5,42
2016,MLS,New England Revolution,34,11,9,14,44,54,-10,42
2016,MLS,Orlando City SC,34,9,14,11,55,60,-5,41
2016,MLS,Vancouver Whitecaps,34,10,9,15,45,52,-7,39
2016,MLS,San Jose Earthquakes,34,8,14,12,32,40,-8,38
2016,MLS,Columbus Crew,34,8,12,14,50,58,-8,36
2016,MLS,Houston Dynamo FC,34,7,13,14,39,45,-6,34
2016,MLS,Chicago Fire FC,34,7,10,17,42,58,-16,31
2016,MLS,Arsenal,1,1,0,0,2,1,1,3
2016,MLS,MLS All-Stars,1,0,0,1,1,2,-1,0
2016-17,Liga MX,Tigres UANL,46,23,13,10,73,35,38,82
2016-17,Liga MX,Tijuana,40,21,7,12,60,45,15,70
2016-17,Liga MX,Guadalajara,42,17,14,11,50,43,7,65
2016-17,Liga MX,América,40,16,13,11,55,49,6,61
2016-17,Liga MX,Pachuca,36,15,11,10,53,39,14,56
2016-17,Liga MX,Toluca,38,15,11,12,50,47,3,56
2016-17,Liga MX,Monterrey,36,13,13,10,57,45,12,52
2016-17,Liga MX,Necaxa,38,12,16,10,43,43,0,52
2016-17,Liga MX,León,38,13,10,15,52,54,-2,49
2016-17,Liga MX,Atlas,36,12,12,12,46,46,0,48
2016-17,Liga MX,Atlético Morelia,36,12,11,13,48,52,-4,47
2016-17,Liga MX,Pumas UNAM,36,13,7,16,51,59,-8,46
2016-17,Liga MX,Santos,36,10,15,11,48,55,-7,45
2016-17,Liga MX,Cruz Azul,34,9,13,12,44,43,1,40
2016-17,Liga MX,Querétaro,34,10,9,15,41,51,-10,39
2016-17,Liga MX,Puebla,34,9,9,16,43,55,-12,36
2016-17,Liga MX,Veracruz,34,10,3,21,36,58,-22,33
2016-17,Liga MX,Chiapas,34,7,7,20,27,58,-31,28
2017,CONCACAF CL,Pachuca,6,3,2,1,10,4,6,11
2017,CONCACAF CL,Tigres UANL,6,3,2,1,9,4,5,11
2017,CONCACAF CL,FC Dallas,4,2,0,2,8,6,2,6
2017,CONCACAF CL,Vancouver Whitecaps,4,1,1,2,4,5,-1,4
2017,CONCACAF CL,Arabe Unido,2,1,0,1,2,5,-3,3
2017,CONCACAF CL,Red Bull New York,2,0,1,1,1,3,-2,1
2017,CONCACAF CL,Pumas UNAM,2,0,1,1,1,4,-3,1
2017,CONCACAF CL,Saprissa,2,0,1,1,0,4,-4,1
2017,MLS,Toronto FC,39,23,10,6,79,39,40,79
2017,MLS,Seattle Sounders FC,39,17,12,10,59,41,18,63
2017,MLS,Columbus Crew,39,18,7,14,57,53,4,61
2017,MLS,New York City FC,36,17,9,10,59,47,12,60
2017,MLS,Houston Dynamo FC,39,15,12,12,60,51,9,57
2017,MLS,Red Bull New York,37,16,8,13,59,49,10,56
2017,MLS,Vancouver Whitecaps,37,16,8,13,55,51,4,56
2017,MLS,Atlanta United FC,35,15,10,10,70,40,30,55
2017,MLS,Chicago Fire FC,35,16,7,12,61,51,10,55
2017,MLS,Portland Timbers,36,15,9,12,61,52,9,54
2017,MLS,Sporting Kansas City,35,12,13,10,40,30,10,49
2017,MLS,FC Dallas,34,11,13,10,48,48,0,46
2017,MLS,San Jose Earthquakes,35,13,7,15,39,65,-26,46
2017,MLS,Real Salt Lake,34,13,6,15,49,55,-6,45
2017,MLS,New England Revolution,34,13,6,15,53,61,-8,45
2017,MLS,Philadelphia Union,34,11,9,14,50,47,3,42
2017,MLS,CF Montréal,34,11,6,17,52,58,-6,39
2017,MLS,Orlando City SC,34,10,9,15,39,58,-19,39
2017,MLS,Minnesota United FC,34,10,6,18,47,70,-23,36
2017,MLS,Colorado Rapids,34,9,6,19,31,51,-20,33
2017,MLS,LA Galaxy,34,8,8,18,45,67,-22,32
2017,MLS,D.C. United,34,9,5,20,31,60,-29,32
2017,MLS,Real Madrid,1,1,0,0,1,1,0,3
2017,MLS,MLS All-Stars,1,0,0,1,1,1,0,0
2017-18,Liga MX,Monterrey,42,23,11,8,74,41,33,80
2017-18,Liga MX,Tigres UANL,42,20,15,7,62,38,24,75
2017-18,Liga MX,Toluca,42,21,11,10,62,47,15,74
2017-18,Liga MX,América,42,18,14,10,56,44,12,68
2017-18,Liga MX,Santos,40,15,13,12,60,50,10,58
2017-18,Liga MX,Atlético Morelia,40,16,10,14,54,53,1,58
2017-18,Liga MX,Tijuana,38,14,11,13,41,42,-1,53
2017-18,Liga MX,Cruz Azul,36,12,15,9,44,40,4,51
2017-18,Liga MX,León,36,14,8,14,53,58,-5,50
2017-18,Liga MX,Necaxa,34,10,16,8,40,30,10,46
2017-18,Liga MX,Atlas,36,12,7,17,42,51,-9,43
2017-18,Liga MX,Pachuca,34,11,9,14,52,52,0,42
2017-18,Liga MX,Puebla,34,10,9,15,37,44,-7,39
2017-18,Liga MX,Pumas UNAM,36,9,10,17,40,55,-15,37
2017-18,Liga MX,Querétaro,34,7,13,14,32,45,-13,34
2017-18,Liga MX,Guadalajara,34,7,12,15,35,47,-12,33
2017-18,Liga MX,Lobos BUAP,34,9,5,20,44,64,-20,32
2017-18,Liga MX,Veracruz,34,9,5,20,26,53,-27,32
2018,CONCACAF CL,Guadalajara,8,5,1,2,14,4,10,16
2018,CONCACAF CL,Toronto FC,8,4,2,2,13,9,4,14
2018,CONCACAF CL,América,6,3,2,1,15,7,8,11
2018,CONCACAF CL,Red Bull New York,6,3,2,1,8,3,5,11
2018,CONCACAF CL,Tigres UANL,4,2,1,1,9,7,2,7
2018,CONCACAF CL,Seattle Sounders FC,4,2,0,2,6,5,1,6
2018,CONCACAF CL,Tijuana,4,1,1,2,3,6,-3,4
2018,CONCACAF CL,FC Dallas,2,1,0,1,3,3,0,3
2018,CONCACAF CL,Santa Tecla,2,1,0,1,2,5,-3,3
2018,CONCACAF CL,Tauro FC,4,1,0,3,4,10,-6,3
2018,CONCACAF CL,FC Motagua,2,0,1,1,1,2,-1,1
2018,CONCACAF CL,Herediano,2,0,1,1,3,5,-2,1
2018,CONCACAF CL,Olimpia,2,0,1,1,1,3,-2,1
2018,CONCACAF CL,Colorado Rapids,2,0,1,1,0,2,-2,1
2018,CONCACAF CL,Saprissa,2,0,1,1,2,6,-4,1
2018,CONCACAF CL,Cibao FC,2,0,0,2,0,7,-7,0
2018,MLS,Atlanta United FC,39,25,6,8,79,46,33,81
2018,MLS,Red Bull New York,38,24,5,9,66,37,29,77
2018,MLS,Sporting Kansas City,38,19,10,9,72,46,26,67
2018,MLS,Portland Timbers,40,18,10,12,63,57,6,64
2018,MLS,Seattle Sounders FC,36,19,5,12,56,41,15,62
2018,MLS,New York City FC,37,17,8,12,63,50,13,59
2018,MLS,LAFC,35,16,9,10,70,55,15,57
2018,MLS,FC Dallas,35,16,9,10,53,46,7,57
2018,MLS,Columbus Crew,37,16,9,12,46,50,-4,57
2018,MLS,Real Salt Lake,37,15,8,14,61,65,-4,53
2018,MLS,D.C. United,35,14,9,12,62,52,10,51
2018,MLS,Philadelphia Union,35,15,5,15,50,53,-3,50
2018,MLS,LA Galaxy,34,13,9,12,66,64,2,48
2018,MLS,Vancouver Whitecaps,34,13,8,13,54,67,-13,47
2018,MLS,CF Montréal,34,14,4,16,47,53,-6,46
2018,MLS,New England Revolution,34,10,11,13,49,55,-6,41
2018,MLS,Houston Dynamo FC,34,10,8,16,58,58,0,38
2018,MLS,Toronto FC,34,10,6,18,59,64,-5,36
2018,MLS,Minnesota United FC,34,11,3,20,49,71,-22,36
2018,MLS,Chicago Fire FC,34,8,8,18,48,61,-13,32
2018,MLS,Colorado Rapids,34,8,7,19,36,63,-27,31
2018,MLS,Orlando City SC,34,8,4,22,43,74,-31,28
2018,MLS,San Jose Earthquakes,34,4,9,21,49,71,-22,21
2018,MLS,Juventus,1,1,0,0,1,1,0,3
2018,MLS,MLS All-Stars,1,0,0,1,1,1,0,0
2018-19,Liga MX,América,44,23,11,10,79,45,34,80
2018-19,Liga MX,Tigres UANL,42,22,12,8,72,41,31,78
2018-19,Liga MX,Cruz Azul,42,22,11,9,58,35,23,77
2018-19,Liga MX,Monterrey,42,22,9,11,64,43,21,75
2018-19,Liga MX,León,40,21,6,13,65,41,24,69
2018-19,Liga MX,Pachuca,36,14,12,10,60,46,14,54
2018-19,Liga MX,Toluca,36,15,7,14,59,50,9,52
2018-19,Liga MX,Santos,36,14,10,12,48,44,4,52
2018-19,Liga MX,Pumas UNAM,38,13,12,13,54,55,-1,51
2018-19,Liga MX,Necaxa,36,12,10,14,52,54,-2,46
2018-19,Liga MX,Tijuana,36,13,6,17,40,49,-9,45
2018-19,Liga MX,Puebla,34,11,11,12,41,51,-10,44
2018-19,Liga MX,Lobos BUAP,34,11,6,17,38,59,-21,39
2018-19,Liga MX,Guadalajara,34,10,8,16,37,43,-6,38
2018-19,Liga MX,Atlético Morelia,34,9,11,14,43,57,-14,38
2018-19,Liga MX,Querétaro,36,10,8,18,31,53,-22,38
2018-19,Liga MX,Atlas,34,8,6,20,30,55,-25,30
2018-19,Liga MX,Veracruz,34,2,8,24,24,74,-50,14
2019,CONCACAF CL,Monterrey,8,5,2,1,16,4,12,17
2019,CONCACAF CL,Santos,6,5,0,1,20,9,11,15
2019,CONCACAF CL,Tigres UANL,8,4,1,3,14,7,7,13
2019,CONCACAF CL,Sporting Kansas City,6,3,0,3,11,12,-1,9
2019,CONCACAF CL,Independiente de la Chorrera,4,2,1,1,7,5,2,7
2019,CONCACAF CL,Red Bull New York,4,2,0,2,7,6,1,6
2019,CONCACAF CL,Atlanta United FC,4,2,0,2,6,6,0,6
2019,CONCACAF CL,Houston Dynamo FC,4,2,0,2,3,4,-1,6
2019,CONCACAF CL,Herediano,2,1,0,1,3,5,-2,3
2019,CONCACAF CL,Saprissa,2,1,0,1,2,5,-3,3
2019,CONCACAF CL,Alianza FC,2,0,1,1,0,1,-1,1
2019,CONCACAF CL,Toronto FC,2,0,1,1,1,5,-4,1
2019,CONCACAF CL,Guastatoya,2,0,0,2,1,3,-2,0
2019,CONCACAF CL,Atlético Pantoja,2,0,0,2,0,5,-5,0
2019,CONCACAF CL,Toluca,2,0,0,2,0,5,-5,0
2019,CONCACAF CL,Marathon,2,0,0,2,2,11,-9,0
2019,MLS,LAFC,36,22,9,5,91,43,48,75
2019,MLS,Seattle Sounders FC,38,20,8,10,64,54,10,68
2019,MLS,New York City FC,35,18,10,7,64,44,20,64
2019,MLS,Atlanta United FC,37,20,4,13,62,45,17,64
2019,MLS,Toronto FC,38,16,11,11,67,58,9,59
2019,MLS,Philadelphia Union,36,17,7,12,62,55,7,58
2019,MLS,Real Salt Lake,36,17,5,14,48,44,4,56
2019,MLS,LA Galaxy,36,17,3,16,63,65,-2,54
2019,MLS,Minnesota United FC,35,15,8,12,53,45,8,53
2019,MLS,D.C. United,35,13,11,11,43,43,0,50
2019,MLS,Portland Timbers,35,14,7,14,53,51,2,49
2019,MLS,FC Dallas,35,13,9,13,57,50,7,48
2019,MLS,Red Bull New York,35,14,6,15,56,55,1,48
2019,MLS,New England Revolution,35,11,12,12,50,58,-8,45
2019,MLS,San Jose Earthquakes,34,13,5,16,52,55,-3,44
2019,MLS,Chicago Fire FC,34,10,12,12,55,47,8,42
2019,MLS,Colorado Rapids,34,12,6,16,58,63,-5,42
2019,MLS,CF Montréal,34,12,5,17,47,60,-13,41
2019,MLS,Houston Dynamo FC,34,12,4,18,49,59,-10,40
2019,MLS,Columbus Crew,34,10,8,16,39,47,-8,38
2019,MLS,Sporting Kansas City,34,10,8,16,49,67,-18,38
2019,MLS,Orlando City SC,34,9,10,15,44,52,-8,37
2019,MLS,Vancouver Whitecaps,34,8,10,16,37,59,-22,34
2019,MLS,FC Cincinnati,34,6,6,22,31,75,-44,24
2019,MLS,Atlético Madrid,1,1,0,0,3,0,3,3
2019,MLS,MLS All-Stars,1,0,0,1,0,3,-3,0
2019-20,Liga MX,América,34,16,9,9,53,42,11,57
2019-20,Liga MX,León,30,16,7,7,65,42,23,55
2019-20,Liga MX,Santos,30,16,7,7,57,45,12,55
2019-20,Liga MX,Tigres UANL,30,13,10,7,43,29,14,49
2019-20,Liga MX,Necaxa,32,14,6,12,57,44,13,48
2019-20,Liga MX,Atlético Morelia,32,14,6,12,55,48,7,48
2019-20,Liga MX,Cruz Azul,28,12,9,7,49,38,11,45
2019-20,Liga MX,Querétaro,30,13,6,11,46,40,6,45
2019-20,Liga MX,Monterrey,34,12,9,13,49,47,2,45
2019-20,Liga MX,Guadalajara,28,11,8,9,41,39,2,41
2019-20,Liga MX,Pachuca,28,11,6,11,43,38,5,39
2019-20,Liga MX,Pumas UNAM,28,10,8,10,41,39,2,38
2019-20,Liga MX,Atlético de San Luis,28,9,6,13,33,46,-13,33
2019-20,Liga MX,Tijuana,28,9,6,13,36,52,-16,33
2019-20,Liga MX,FC Juarez,28,9,5,14,37,45,-8,32
2019-20,Liga MX,Puebla,28,8,7,13,27,38,-11,31
2019-20,Liga MX,Atlas,28,9,3,16,29,43,-14,30
2019-20,Liga MX,Toluca,28,6,9,13,32,44,-12,27
2019-20,Liga MX,Veracruz,18,1,5,12,11,45,-34,8
2020,CONCACAF CL,Tigres UANL,6,5,0,1,15,5,10,15
2020,CONCACAF CL,LAFC,5,3,0,2,9,6,3,9
2020,CONCACAF CL,Atlanta United FC,4,2,1,1,5,4,1,7
2020,CONCACAF CL,América,5,2,1,2,6,6,0,7
2020,CONCACAF CL,Olimpia,5,2,1,2,6,9,-3,7
2020,CONCACAF CL,Cruz Azul,3,2,0,1,7,3,4,6
2020,CONCACAF CL,New York City FC,4,2,0,2,6,8,-2,6
2020,CONCACAF CL,CF Montréal,4,1,2,1,4,4,0,5
2020,CONCACAF CL,Alianza FC,2,1,0,1,4,5,-1,3
2020,CONCACAF CL,León,2,1,0,1,2,3,-1,3
2020,CONCACAF CL,Saprissa,2,0,2,0,2,2,0,2
2020,CONCACAF CL,Seattle Sounders FC,2,0,1,1,4,4,0,1
2020,CONCACAF CL,Comunicaciones,2,0,1,1,2,2,0,1
2020,CONCACAF CL,FC Motagua,2,0,1,1,1,4,-3,1
2020,CONCACAF CL,San Carlos,2,0,0,2,3,6,-3,0
2020,CONCACAF CL,Portmore Utd,2,0,0,2,1,6,-5,0
2020,MLS,Philadelphia Union,27,16,5,6,49,25,24,53
2020,MLS,Columbus Crew,28,16,5,7,46,24,22,53
2020,MLS,Orlando City SC,29,15,8,6,48,33,15,53
2020,MLS,Portland Timbers,28,15,6,7,55,40,15,51
2020,MLS,Seattle Sounders FC,27,14,6,7,52,33,19,48
2020,MLS,Minnesota United FC,27,13,7,7,50,34,16,46
2020,MLS,Sporting Kansas City,25,14,3,8,42,34,8,45
2020,MLS,Toronto FC,25,13,5,7,34,30,4,44
2020,MLS,New York City FC,26,13,3,10,42,30,12,42
2020,MLS,New England Revolution,28,11,8,9,33,29,4,41
2020,MLS,Nashville SC,26,10,8,8,28,24,4,38
2020,MLS,FC Dallas,24,10,7,7,29,26,3,37
2020,MLS,LAFC,25,10,5,10,53,44,9,35
2020,MLS,San Jose Earthquakes,26,9,6,11,44,60,-16,33
2020,MLS,Red Bull New York,24,9,5,10,31,34,-3,32
2020,MLS,Colorado Rapids,19,8,4,7,32,31,1,28
2020,MLS,Vancouver Whitecaps,24,9,0,15,27,44,-17,27
2020,MLS,CF Montréal,25,8,2,15,34,46,-12,26
2020,MLS,Inter Miami CF,24,7,3,14,25,38,-13,24
2020,MLS,Chicago Fire FC,23,5,8,10,33,39,-6,23
2020,MLS,Atlanta United FC,23,6,4,13,23,30,-7,22
2020,MLS,Real Salt Lake,23,5,7,11,27,40,-13,22
2020,MLS,LA Galaxy,22,6,4,12,27,46,-19,22
2020,MLS,Houston Dynamo FC,23,4,9,10,30,40,-10,21
2020,MLS,D.C. United,23,5,6,12,25,41,-16,21
2020,MLS,FC Cincinnati,24,4,4,16,13,37,-24,16
2020-21,Liga MX,Cruz Azul,44,27,6,11,63,37,26,87
2020-21,Liga MX,León,41,23,8,10,62,43,19,77
2020-21,Liga MX,América,37,22,7,8,63,41,22,73
2020-21,Liga MX,Santos,42,17,11,14,54,41,13,62
2020-21,Liga MX,Puebla,41,17,9,15,53,48,5,60
2020-21,Liga MX,Pachuca,42,15,14,13,50,42,8,59
2020-21,Liga MX,Guadalajara,40,15,14,11,48,45,3,59
2020-21,Liga MX,Monterrey,37,16,10,11,52,39,13,58
2020-21,Liga MX,Pumas UNAM,40,14,16,10,45,36,9,58
2020-21,Liga MX,Tigres UANL,38,15,12,11,50,41,9,57
2020-21,Liga MX,Toluca,38,14,7,17,55,60,-5,49
2020-21,Liga MX,Atlas,36,11,9,16,32,36,-4,42
2020-21,Liga MX,Mazatlán FC,34,10,7,17,43,57,-14,37
2020-21,Liga MX,Tijuana,34,9,8,17,31,48,-17,35
2020-21,Liga MX,Necaxa,35,9,8,18,30,50,-20,35
2020-21,Liga MX,Querétaro,35,9,7,19,42,58,-16,34
2020-21,Liga MX,FC Juarez,34,8,10,16,29,48,-19,34
2020-21,Liga MX,Atlético de San Luis,34,6,5,23,36,68,-32,23
2021,CONCACAF CL,Monterrey,7,6,1,0,17,4,13,19
2021,CONCACAF CL,América,7,4,1,2,10,5,5,13
2021,CONCACAF CL,Cruz Azul,6,3,1,2,13,6,7,10
2021,CONCACAF CL,Philadelphia Union,6,3,1,2,9,5,4,10
2021,CONCACAF CL,Columbus Crew,4,2,1,1,7,5,2,7
2021,CONCACAF CL,Atlanta United FC,4,2,1,1,3,4,-1,7
2021,CONCACAF CL,Portland Timbers,4,1,2,1,9,6,3,5
2021,CONCACAF CL,Toronto FC,4,1,1,2,4,6,-2,4
2021,CONCACAF CL,Olimpia,2,1,0,1,2,2,0,3
2021,CONCACAF CL,León,2,0,1,1,2,3,-1,1
2021,CONCACAF CL,Marathon,2,0,1,1,2,7,-5,1
2021,CONCACAF CL,Arcahaie,2,0,1,1,0,8,-8,1
2021,CONCACAF CL,Alajuelense,2,0,0,2,0,2,-2,0
2021,CONCACAF CL,Atlético Pantoja,2,0,0,2,1,6,-5,0
2021,CONCACAF CL,Real Estelí,2,0,0,2,0,5,-5,0
2021,CONCACAF CL,Saprissa,2,0,0,2,0,5,-5,0
2021,MLS,New England Revolution,35,22,7,6,67,43,24,73
2021,MLS,Portland Timbers,38,20,4,14,63,54,9,64
2021,MLS,New York City FC,38,18,9,11,63,40,23,63
2021,MLS,Sporting Kansas City,36,18,7,11,62,43,19,61
2021,MLS,Colorado Rapids,35,17,10,8,51,36,15,61
2021,MLS,Seattle Sounders FC,35,17,9,9,53,33,20,60
2021,MLS,Philadelphia Union,37,16,12,9,51,38,13,60
2021,MLS,Nashville SC,36,13,18,5,59,35,24,57
2021,MLS,Real Salt Lake,37,16,6,15,57,57,0,54
2021,MLS,Atlanta United FC,35,13,12,10,45,39,6,51
2021,MLS,Orlando City SC,35,13,12,10,51,51,0,51
2021,MLS,Vancouver Whitecaps,35,12,13,10,46,48,-2,49
2021,MLS,Minnesota United FC,35,13,10,12,43,47,-4,49
2021,MLS,Red Bull New York,35,13,9,13,39,34,5,48
2021,MLS,LA Galaxy,34,13,9,12,50,54,-4,48
2021,MLS,D.C. United,34,14,5,15,56,54,2,47
2021,MLS,Columbus Crew,34,13,8,13,46,45,1,47
2021,MLS,CF Montréal,34,12,10,12,46,44,2,46
2021,MLS,LAFC,34,12,9,13,53,51,2,45
2021,MLS,San Jose Earthquakes,34,10,11,13,46,54,-8,41
2021,MLS,Inter Miami CF,34,12,5,17,36,53,-17,41
2021,MLS,Chicago Fire FC,34,9,7,18,36,54,-18,34
2021,MLS,FC Dallas,34,7,12,15,47,56,-9,33
2021,MLS,Austin FC,34,9,4,21,35,56,-21,31
2021,MLS,Houston Dynamo FC,34,6,12,16,36,54,-18,30
2021,MLS,Toronto FC,34,6,10,18,39,66,-27,28
2021,MLS,FC Cincinnati,34,4,8,22,37,74,-37,20
2021,MLS,MLS All-Stars,1,1,0,0,1,1,0,3
2021,MLS,Liga MX All-Stars,1,0,0,1,1,1,0,0
2021-22,Liga MX,Atlas,46,20,14,12,56,38,18,74
2021-22,Liga MX,Tigres UANL,42,21,10,11,66,45,21,73
2021-22,Liga MX,Pachuca,40,19,10,11,60,44,16,67
2021-22,Liga MX,América,40,18,13,9,51,37,14,67
2021-22,Liga MX,Puebla,40,16,12,12,50,46,4,60
2021-22,Liga MX,León,40,16,11,13,46,44,2,59
2021-22,Liga MX,Cruz Azul,38,14,12,12,44,40,4,54
2021-22,Liga MX,Monterrey,38,13,14,11,47,37,10,53
2021-22,Liga MX,Pumas UNAM,40,14,11,15,48,51,-3,53
2021-22,Liga MX,Guadalajara,38,13,13,12,46,40,6,52
2021-22,Liga MX,Santos,37,12,14,11,52,43,9,50
2021-22,Liga MX,Atlético de San Luis,38,12,11,15,46,54,-8,47
2021-22,Liga MX,Necaxa,35,13,4,18,38,44,-6,43
2021-22,Liga MX,Toluca,35,11,10,14,44,60,-16,43
2021-22,Liga MX,Mazatlán FC,35,11,8,16,40,50,-10,41
2021-22,Liga MX,Querétaro,34,6,14,14,29,38,-9,32
2021-22,Liga MX,Tijuana,34,7,11,16,30,53,-23,32
2021-22,Liga MX,FC Juarez,34,7,6,21,24,53,-29,27
2022,CONCACAF CL,Seattle Sounders FC,8,4,4,0,18,5,13,16
2022,CONCACAF CL,Pumas UNAM,8,3,3,2,13,12,1,12
2022,CONCACAF CL,Cruz Azul,6,3,2,1,7,4,3,11
2022,CONCACAF CL,New York City FC,6,3,1,2,13,9,4,10
2022,CONCACAF CL,León,4,2,1,1,4,4,0,7
2022,CONCACAF CL,Comunicaciones,4,2,0,2,6,6,0,6
2022,CONCACAF CL,CF Montréal,4,1,1,2,4,3,1,4
2022,CONCACAF CL,New England Revolution,2,1,0,1,3,3,0,3
2022,CONCACAF CL,Colorado Rapids,2,1,0,1,1,1,0,3
2022,CONCACAF CL,Santos,4,1,0,3,1,9,-8,3
2022,CONCACAF CL,Saprissa,2,0,1,1,3,6,-3,1
2022,CONCACAF CL,FC Motagua,2,0,1,1,0,5,-5,1
2022,CONCACAF CL,Forge FC,2,0,0,2,1,4,-3,0
2022,CONCACAF CL,Guastatoya,2,0,0,2,0,3,-3,0
2022,MLS,LAFC,37,24,4,9,75,43,32,76
2022,MLS,Philadelphia Union,37,21,10,6,79,30,49,73
2022,MLS,CF Montréal,36,21,5,10,66,53,13,68
2022,MLS,Austin FC,37,18,8,11,69,55,14,62
2022,MLS,New York City FC,37,18,7,12,64,45,19,61
2022,MLS,FC Dallas,36,15,11,10,50,40,10,56
2022,MLS,Red Bull New York,35,15,8,12,51,43,8,53
2022,MLS,LA Galaxy,36,15,8,13,61,54,7,53
2022,MLS,FC Cincinnati,36,13,13,10,66,58,8,52
2022,MLS,Nashville SC,35,13,11,11,52,42,10,50
2022,MLS,Minnesota United FC,35,14,6,15,49,52,-3,48
2022,MLS,Orlando City SC,35,14,6,15,44,55,-11,48
2022,MLS,Inter Miami CF,35,14,6,15,47,59,-12,48
2022,MLS,Real Salt Lake,35,12,11,12,45,47,-2,47
2022,MLS,Columbus Crew,34,10,16,8,46,41,5,46
2022,MLS,Portland Timbers,34,11,13,10,53,53,0,46
2022,MLS,Colorado Rapids,34,11,10,13,46,57,-11,43
2022,MLS,Vancouver Whitecaps,34,12,7,15,40,57,-17,43
2022,MLS,New England Revolution,34,10,12,12,47,50,-3,42
2022,MLS,Charlotte FC,34,13,3,18,44,52,-8,42
2022,MLS,Seattle Sounders FC,34,12,5,17,47,46,1,41
2022,MLS,Atlanta United FC,34,10,10,14,48,54,-6,40
2022,MLS,Sporting Kansas City,34,11,7,16,42,54,-12,40
2022,MLS,Chicago Fire FC,34,10,9,15,39,48,-9,39
2022,MLS,Houston Dynamo FC,34,10,6,18,43,56,-13,36
2022,MLS,San Jose Earthquakes,34,8,11,15,52,69,-17,35
2022,MLS,Toronto FC,34,9,7,18,49,66,-17,34
2022,MLS,D.C. United,34,7,6,21,36,71,-35,27
2022,MLS,MLS All-Stars,1,1,0,0,2,1,1,3
2022,MLS,Liga MX All-Stars,1,0,0,1,1,2,-1,0
2022-23,Liga MX,América,42,25,10,7,93,49,44,85
2022-23,Liga MX,Monterrey,42,25,9,8,72,35,37,84
2022-23,Liga MX,Pachuca,41,24,6,11,80,49,31,78
2022-23,Liga MX,Tigres UANL,44,22,9,13,59,40,19,75
2022-23,Liga MX,Toluca,43,21,12,10,79,61,18,75
2022-23,Liga MX,Guadalajara,41,17,12,12,54,42,12,63
2022-23,Liga MX,Santos,39,16,8,15,69,70,-1,56
2022-23,Liga MX,León,36,14,10,12,49,46,3,52
2022-23,Liga MX,Cruz Azul,38,15,7,16,48,60,-12,52
2022-23,Liga MX,Puebla,38,11,12,15,54,68,-14,45
2022-23,Liga MX,Atlético de San Luis,37,11,10,16,37,49,-12,43
2022-23,Liga MX,Atlas,37,9,13,15,45,50,-5,40
2022-23,Liga MX,FC Juarez,35,7,13,15,34,46,-12,34
2022-23,Liga MX,Necaxa,35,8,9,18,35,52,-17,33
2022-23,Liga MX,Tijuana,34,7,12,15,37,59,-22,33
2022-23,Liga MX,Pumas UNAM,34,7,11,16,45,63,-18,32
2022-23,Liga MX,Querétaro,34,5,14,15,34,56,-22,29
2022-23,Liga MX,Mazatlán FC,34,5,9,20,36,65,-29,24
2023,CONCACAF CL,León,8,6,0,2,16,6,10,18
2023,CONCACAF CL,LAFC,8,4,1,3,15,6,9,13
2023,CONCACAF CL,Tigres UANL,6,3,2,1,10,5,5,11
2023,CONCACAF CL,Philadelphia Union,6,2,3,1,8,6,2,9
2023,CONCACAF CL,Violette AC,4,2,0,2,5,8,-3,6
2023,CONCACAF CL,Atlas,4,1,1,2,7,7,0,4
2023,CONCACAF CL,Olimpia,2,1,0,1,4,5,-1,3
2023,CONCACAF CL,Austin FC,2,1,0,1,2,3,-1,3
2023,CONCACAF CL,Vancouver Whitecaps,4,1,0,3,7,9,-2,3
2023,CONCACAF CL,Alajuelense,2,1,0,1,2,4,-2,3
2023,CONCACAF CL,Real Espana,2,1,0,1,3,7,-4,3
2023,CONCACAF CL,Orlando City SC,2,0,2,0,1,1,0,2
2023,CONCACAF CL,Pachuca,2,0,2,0,1,1,0,2
2023,CONCACAF CL,FC Motagua,4,0,2,2,1,7,-6,2
2023,CONCACAF CL,Alianza FC,2,0,1,1,0,4,-4,1
2023,CONCACAF CL,Tauro FC,2,0,0,2,0,3,-3,0
2023,Leagues Cup,Inter Miami CF,7,7,0,0,22,8,14,21
2023,Leagues Cup,Philadelphia Union,7,6,0,1,15,8,7,18
2023,Leagues Cup,Nashville SC,7,5,0,2,16,9,7,15
2023,Leagues Cup,Monterrey,7,5,0,2,12,9,3,15
2023,Leagues Cup,Charlotte FC,5,4,0,1,8,8,0,12
2023,Leagues Cup,Toluca,4,3,0,1,14,7,7,9
2023,Leagues Cup,Red Bull New York,4,3,0,1,4,2,2,9
2023,Leagues Cup,Tigres UANL,4,3,0,1,4,3,1,9
2023,Leagues Cup,Minnesota United FC,5,3,0,2,11,13,-2,9
2023,Leagues Cup,Querétaro,5,3,0,2,5,8,-3,9
2023,Leagues Cup,LAFC,3,2,0,1,13,4,9,6
2023,Leagues Cup,FC Dallas,4,2,0,2,11,7,4,6
2023,Leagues Cup,Columbus Crew,3,2,0,1,9,5,4,6
2023,Leagues Cup,New England Revolution,4,2,0,2,8,4,4,6
2023,Leagues Cup,América,4,2,0,2,8,6,2,6
2023,Leagues Cup,FC Cincinnati,3,2,0,1,7,5,2,6
2023,Leagues Cup,Atlas,3,2,0,1,4,2,2,6
2023,Leagues Cup,Mazatlán FC,3,2,0,1,5,4,1,6
2023,Leagues Cup,Orlando City SC,3,2,0,1,5,6,-1,6
2023,Leagues Cup,Houston Dynamo FC,4,2,0,2,4,5,-1,6
2023,Leagues Cup,León,3,2,0,1,4,5,-1,6
2023,Leagues Cup,Real Salt Lake,4,2,0,2,6,8,-2,6
2023,Leagues Cup,New York City FC,3,1,0,2,5,2,3,3
2023,Leagues Cup,Pumas UNAM,3,1,0,2,5,3,2,3
2023,Leagues Cup,Vancouver Whitecaps,3,1,0,2,5,4,1,3
2023,Leagues Cup,Chicago Fire FC,3,1,0,2,4,4,0,3
2023,Leagues Cup,Portland Timbers,3,1,0,2,3,3,0,3
2023,Leagues Cup,CF Montréal,2,1,0,1,2,3,-1,3
2023,Leagues Cup,Cruz Azul,3,1,0,2,2,3,-1,3
2023,Leagues Cup,Sporting Kansas City,3,1,0,2,5,7,-2,3
2023,Leagues Cup,D.C. United,3,1,0,2,1,3,-2,3
2023,Leagues Cup,FC Juarez,3,1,0,2,5,9,-4,3
2023,Leagues Cup,Puebla,2,1,0,1,1,5,-4,3
2023,Leagues Cup,Pachuca,1,0,0,1,0,0,0,0
2023,Leagues Cup,Santos,2,0,0,2,4,5,-1,0
2023,Leagues Cup,LA Galaxy,2,0,0,2,1,3,-2,0
2023,Leagues Cup,Guadalajara,2,0,0,2,1,4,-3,0
2023,Leagues Cup,Tijuana,2,0,0,2,1,4,-3,0
2023,Leagues Cup,San Jose Earthquakes,2,0,0,2,0,3,-3,0
2023,Leagues Cup,Austin FC,2,0,0,2,2,6,-4,0
2023,Leagues Cup,Colorado Rapids,2,0,0,2,2,6,-4,0
2023,Leagues Cup,Atlanta United FC,2,0,0,2,1,5,-4,0
2023,Leagues Cup,Atlético de San Luis,2,0,0,2,2,7,-5,0
2023,Leagues Cup,Seattle Sounders FC,2,0,0,2,2,7,-5,0
2023,Leagues Cup,St. Louis CITY SC,2,0,0,2,1,6,-5,0
2023,Leagues Cup,Necaxa,2,0,0,2,1,7,-6,0
2023,Leagues Cup,Toronto FC,2,0,0,2,0,6,-6,0
2023,MLS,FC Cincinnati,38,23,9,6,64,43,21,78
2023,MLS,Columbus Crew,40,21,9,10,82,55,27,72
2023,MLS,Orlando City SC,37,20,9,8,57,41,16,69
2023,MLS,LAFC,39,18,10,11,64,43,21,64
2023,MLS,Philadelphia Union,37,17,10,10,61,43,18,61
2023,MLS,Houston Dynamo FC,39,17,9,13,56,43,13,60
2023,MLS,Seattle Sounders FC,38,16,11,11,45,36,9,59
2023,MLS,St. Louis CITY SC,36,17,5,14,64,51,13,56
2023,MLS,New England Revolution,36,15,10,11,59,50,9,55
2023,MLS,Atlanta United FC,37,14,12,11,72,61,11,54
2023,MLS,Sporting Kansas City,38,15,8,15,54,54,0,53
2023,MLS,Real Salt Lake,37,15,8,14,51,54,-3,53
2023,MLS,Nashville SC,36,13,10,13,39,34,5,49
2023,MLS,FC Dallas,37,12,13,12,44,41,3,49
2023,MLS,Vancouver Whitecaps,36,12,12,12,57,54,3,48
2023,MLS,Red Bull New York,37,12,10,15,42,45,-3,46
2023,MLS,San Jose Earthquakes,35,10,14,11,39,43,-4,44
2023,MLS,Charlotte FC,35,10,13,12,47,57,-10,43
2023,MLS,Portland Timbers,34,11,10,13,46,58,-12,43
2023,MLS,New York City FC,34,9,14,11,35,39,-4,41
2023,MLS,Minnesota United FC,34,10,11,13,46,51,-5,41
2023,MLS,CF Montréal,34,12,5,17,36,52,-16,41
2023,MLS,D.C. United,34,10,10,14,45,49,-4,40
2023,MLS,Chicago Fire FC,34,10,10,14,39,51,-12,40
2023,MLS,Austin FC,34,10,9,15,49,55,-6,39
2023,MLS,LA Galaxy,34,8,12,14,51,67,-16,36
2023,MLS,Inter Miami CF,34,9,7,18,41,54,-13,34
2023,MLS,Colorado Rapids,34,5,12,17,26,54,-28,27
2023,MLS,Toronto FC,34,4,10,20,26,59,-33,22
2023,MLS,Arsenal,1,1,0,0,5,0,5,3
2023,MLS,MLS All-Stars,1,0,0,1,0,5,-5,0
2023-24,Liga MX,América,46,27,15,4,85,34,51,96
2023-24,Liga MX,Monterrey,40,21,10,9,65,40,25,73
2023-24,Liga MX,Tigres UANL,42,19,14,9,76,51,25,71
2023-24,Liga MX,Guadalajara,40,19,9,12,48,43,5,66
2023-24,Liga MX,Pumas UNAM,41,17,12,12,60,47,13,63
2023-24,Liga MX,Cruz Azul,40,17,7,16,51,49,2,58
2023-24,Liga MX,Pachuca,38,15,11,12,54,57,-3,56
2023-24,Liga MX,Toluca,36,14,12,10,61,43,18,54
2023-24,Liga MX,León,38,14,9,15,53,56,-3,51
2023-24,Liga MX,Atlético de San Luis,39,15,4,20,63,69,-6,49
2023-24,Liga MX,Necaxa,36,11,12,13,50,59,-9,45
2023-24,Liga MX,Querétaro,35,11,10,14,41,51,-10,43
2023-24,Liga MX,Santos,36,12,5,19,50,66,-16,41
2023-24,Liga MX,Mazatlán FC,35,10,8,17,47,61,-14,38
2023-24,Liga MX,Tijuana,34,8,10,16,44,56,-12,34
2023-24,Liga MX,FC Juarez,34,9,7,18,43,60,-17,34
2023-24,Liga MX,Atlas,34,7,10,17,35,55,-20,31
2023-24,Liga MX,Puebla,36,8,7,21,44,73,-29,31
2024,CONCACAF CL,Monterrey,8,6,0,2,17,9,8,18
2024,CONCACAF CL,Pachuca,7,5,2,0,19,3,16,17
2024,CONCACAF CL,Columbus Crew,7,4,2,1,9,8,1,14
2024,CONCACAF CL,América,8,4,1,3,19,10,9,13
2024,CONCACAF CL,New England Revolution,6,3,1,2,11,10,1,10
2024,CONCACAF CL,Tigres UANL,6,2,3,1,10,5,5,9
2024,CONCACAF CL,Guadalajara,4,3,0,1,8,7,1,9
2024,CONCACAF CL,Nashville SC,4,2,1,1,10,5,5,7
2024,CONCACAF CL,Orlando City SC,4,2,1,1,8,5,3,7
2024,CONCACAF CL,Herediano,6,2,1,3,8,12,-4,7
2024,CONCACAF CL,FC Cincinnati,4,2,0,2,7,3,4,6
2024,CONCACAF CL,Philadelphia Union,4,1,2,1,6,11,-5,5
2024,CONCACAF CL,Inter Miami CF,4,1,1,2,7,8,-1,4
2024,CONCACAF CL,Houston Dynamo FC,4,1,1,2,3,4,-1,4
2024,CONCACAF CL,Toluca,2,1,0,1,4,4,0,3
2024,CONCACAF CL,St. Louis CITY SC,2,1,0,1,2,2,0,3
2024,CONCACAF CL,Real Estelí,2,1,0,1,2,3,-1,3
2024,CONCACAF CL,Saprissa,2,0,1,1,5,6,-1,1
2024,CONCACAF CL,Robinhood,2,0,1,1,1,3,-2,1
2024,CONCACAF CL,Vancouver Whitecaps,2,0,1,1,1,4,-3,1
2024,CONCACAF CL,Alajuelense,2,0,1,1,1,5,-4,1
2024,CONCACAF CL,Forge FC,2,0,0,2,2,5,-3,0
2024,CONCACAF CL,Independiente de la Chorrera,2,0,0,2,0,4,-4,0
2024,CONCACAF CL,Cavalry FC,2,0,0,2,1,6,-5,0
2024,CONCACAF CL,Comunicaciones,2,0,0,2,1,7,-6,0
2024,CONCACAF CL,Cavalier SC,2,0,0,2,0,6,-6,0
2024,CONCACAF CL,Moca FC,2,0,0,2,0,7,-7,0
2024,Leagues Cup,LAFC,7,5,0,2,19,6,13,15
2024,Leagues Cup,Columbus Crew,5,5,0,0,14,5,9,15
2024,Leagues Cup,Colorado Rapids,7,5,0,2,8,14,-6,15
2024,Leagues Cup,Philadelphia Union,7,4,0,3,12,9,3,12
2024,Leagues Cup,Seattle Sounders FC,5,3,0,2,10,7,3,9
2024,Leagues Cup,Toluca,4,3,0,1,8,6,2,9
2024,Leagues Cup,Mazatlán FC,5,3,0,2,7,5,2,9
2024,Leagues Cup,Tigres UANL,4,3,0,1,6,4,2,9
2024,Leagues Cup,FC Cincinnati,4,3,0,1,8,7,1,9
2024,Leagues Cup,New York City FC,5,3,0,2,6,7,-1,9
2024,Leagues Cup,Portland Timbers,3,2,0,1,7,4,3,6
2024,Leagues Cup,América,3,2,0,1,6,3,3,6
2024,Leagues Cup,Orlando City SC,3,2,0,1,5,2,3,6
2024,Leagues Cup,D.C. United,3,2,0,1,7,5,2,6
2024,Leagues Cup,Inter Miami CF,4,2,0,2,9,8,1,6
2024,Leagues Cup,San Jose Earthquakes,4,2,0,2,8,7,1,6
2024,Leagues Cup,St. Louis CITY SC,4,2,0,2,8,7,1,6
2024,Leagues Cup,Austin FC,3,2,0,1,5,4,1,6
2024,Leagues Cup,FC Juarez,3,2,0,1,5,4,1,6
2024,Leagues Cup,New England Revolution,3,2,0,1,3,2,1,6
2024,Leagues Cup,Toronto FC,3,2,0,1,5,5,0,6
2024,Leagues Cup,Vancouver Whitecaps,3,2,0,1,5,5,0,6
2024,Leagues Cup,Cruz Azul,4,2,0,2,3,3,0,6
2024,Leagues Cup,LA Galaxy,3,2,0,1,5,6,-1,6
2024,Leagues Cup,Pumas UNAM,4,2,0,2,5,8,-3,6
2024,Leagues Cup,Houston Dynamo FC,3,1,0,2,5,3,2,3
2024,Leagues Cup,Atlas,3,1,0,2,3,4,-1,3
2024,Leagues Cup,Minnesota United FC,2,1,0,1,1,2,-1,3
2024,Leagues Cup,Charlotte FC,2,1,0,1,0,1,-1,3
2024,Leagues Cup,Pachuca,3,1,0,2,2,4,-2,3
2024,Leagues Cup,Real Salt Lake,2,1,0,1,2,4,-2,3
2024,Leagues Cup,Santos,3,1,0,2,1,4,-3,3
2024,Leagues Cup,CF Montréal,3,1,0,2,4,8,-4,3
2024,Leagues Cup,Necaxa,3,1,0,2,3,7,-4,3
2024,Leagues Cup,Sporting Kansas City,3,1,0,2,3,7,-4,3
2024,Leagues Cup,Atlanta United FC,2,0,0,2,3,3,0,0
2024,Leagues Cup,Guadalajara,2,0,0,2,3,3,0,0
2024,Leagues Cup,Red Bull New York,2,0,0,2,1,1,0,0
2024,Leagues Cup,Atlético de San Luis,2,0,0,2,3,4,-1,0
2024,Leagues Cup,León,2,0,0,2,2,3,-1,0
2024,Leagues Cup,Querétaro,2,0,0,2,0,1,-1,0
2024,Leagues Cup,Monterrey,2,0,0,2,1,3,-2,0
2024,Leagues Cup,Nashville SC,2,0,0,2,1,3,-2,0
2024,Leagues Cup,Chicago Fire FC,2,0,0,2,2,5,-3,0
2024,Leagues Cup,FC Dallas,2,0,0,2,1,4,-3,0
2024,Leagues Cup,Puebla,2,0,0,2,1,4,-3,0
2024,Leagues Cup,Tijuana,2,0,0,2,1,6,-5,0
2024,MLS,LA Galaxy,39,24,7,8,87,54,33,79
2024,MLS,Inter Miami CF,37,23,8,6,84,55,29,77
2024,MLS,LAFC,38,21,7,10,67,49,18,70
2024,MLS,Columbus Crew,36,19,9,8,74,43,31,66
2024,MLS,Seattle Sounders FC,38,19,9,10,54,38,16,66
2024,MLS,FC Cincinnati,37,19,5,13,60,51,9,62
2024,MLS,Orlando City SC,39,18,7,14,63,52,11,61
2024,MLS,Real Salt Lake,36,16,11,9,66,49,17,59
2024,MLS,Red Bull New York,39,15,14,10,62,54,8,59
2024,MLS,Minnesota United FC,37,17,7,13,61,56,5,58
2024,MLS,New York City FC,38,16,8,14,57,53,4,56
2024,MLS,Houston Dynamo FC,36,15,9,12,48,40,8,54
2024,MLS,Charlotte FC,37,15,9,13,47,40,7,54
2024,MLS,Vancouver Whitecaps,38,15,8,15,61,52,9,53
2024,MLS,Colorado Rapids,36,15,5,16,62,69,-7,50
2024,MLS,Atlanta United FC,39,13,10,16,54,57,-3,49
2024,MLS,Portland Timbers,35,12,11,12,65,61,4,47
2024,MLS,CF Montréal,35,11,10,14,50,66,-16,43
2024,MLS,Austin FC,34,11,9,14,39,48,-9,42
2024,MLS,FC Dallas,34,11,8,15,54,56,-2,41
2024,MLS,D.C. United,34,10,10,14,52,70,-18,40
2024,MLS,Philadelphia Union,34,9,10,15,62,55,7,37
2024,MLS,St. Louis CITY SC,34,8,13,13,50,63,-13,37
2024,MLS,Toronto FC,34,11,4,19,40,61,-21,37
2024,MLS,Nashville SC,34,9,9,16,38,54,-16,36
2024,MLS,Sporting Kansas City,34,8,7,19,51,66,-15,31
2024,MLS,New England Revolution,34,9,4,21,37,74,-37,31
2024,MLS,Chicago Fire FC,34,7,9,18,40,62,-22,30
2024,MLS,San Jose Earthquakes,34,6,3,25,41,78,-37,21
2024,MLS,Liga MX All-Stars,1,1,0,0,4,1,3,3
2024,MLS,MLS All-Stars,1,0,0,1,1,4,-3,0
2024-25,Liga MX,Cruz Azul,42,26,10,6,78,40,38,88
2024-25,Liga MX,América,47,25,11,11,78,42,36,86
2024-25,Liga MX,Toluca,42,24,11,7,89,47,42,83
2024-25,Liga MX,Monterrey,44,22,9,13,79,57,22,75
2024-25,Liga MX,Tigres UANL,40,20,11,9,52,38,14,71
2024-25,Liga MX,Pumas UNAM,38,16,7,15,48,48,0,55
2024-25,Liga MX,Atlético de San Luis,38,17,4,17,53,58,-5,55
2024-25,Liga MX,Tijuana,38,16,6,16,61,65,-4,54
2024-25,Liga MX,Necaxa,36,13,9,14,58,57,1,48
2024-25,Liga MX,León,36,12,12,12,48,49,-1,48
2024-25,Liga MX,Guadalajara,35,12,10,13,43,38,5,46
2024-25,Liga MX,Pachuca,37,12,9,16,51,55,-4,45
2024-25,Liga MX,Atlas,36,10,13,13,44,59,-15,43
2024-25,Liga MX,FC Juarez,35,11,8,16,39,58,-19,41
2024-25,Liga MX,Querétaro,34,9,5,20,30,55,-25,32
2024-25,Liga MX,Mazatlán FC,34,6,13,15,26,45,-19,31
2024-25,Liga MX,Puebla,34,6,5,23,29,56,-27,23
2024-25,Liga MX,Santos,34,4,5,25,27,66,-39,17
2025,CONCACAF CL,Cruz Azul,9,6,3,0,20,3,17,21
2025,CONCACAF CL,Inter Miami CF,8,5,0,3,12,8,4,15
2025,CONCACAF CL,Vancouver Whitecaps,9,3,4,2,14,14,0,13
2025,CONCACAF CL,Tigres UANL,8,3,3,2,11,7,4,12
2025,CONCACAF CL,Pumas UNAM,6,2,3,1,9,6,3,9
2025,CONCACAF CL,LAFC,6,3,0,3,8,7,1,9
2025,CONCACAF CL,Monterrey,4,2,2,0,8,3,5,8
2025,CONCACAF CL,Seattle Sounders FC,4,2,1,1,7,6,1,7
2025,CONCACAF CL,Guadalajara,4,2,1,1,5,5,0,7
2025,CONCACAF CL,Herediano,4,2,1,1,4,5,-1,7
2025,CONCACAF CL,FC Cincinnati,4,1,2,1,7,6,1,5
2025,CONCACAF CL,América,4,1,1,2,5,3,2,4
2025,CONCACAF CL,LA Galaxy,4,1,1,2,6,5,1,4
2025,CONCACAF CL,Colorado Rapids,2,1,0,1,2,2,0,3
2025,CONCACAF CL,Cavalry FC,2,1,0,1,2,3,-1,3
2025,CONCACAF CL,Saprissa,2,1,0,1,2,3,-1,3
2025,CONCACAF CL,Columbus Crew,2,1,0,1,2,4,-2,3
2025,CONCACAF CL,Real Estelí,2,1,0,1,1,3,-2,3
2025,CONCACAF CL,Real Salt Lake,2,0,1,1,1,2,-1,1
2025,CONCACAF CL,Alajuelense,2,0,1,1,1,3,-2,1
2025,CONCACAF CL,FC Motagua,2,0,1,1,2,5,-3,1
2025,CONCACAF CL,Cibao FC,2,0,1,1,1,4,-3,1
2025,CONCACAF CL,Sporting Kansas City,2,0,0,2,1,4,-3,0
2025,CONCACAF CL,Antigua,2,0,0,2,2,6,-4,0
2025,CONCACAF CL,Cavalier SC,2,0,0,2,0,4,-4,0
2025,CONCACAF CL,Forge FC,2,0,0,2,0,5,-5,0
2025,CONCACAF CL,Real Hope,2,0,0,2,0,7,-7,0
2025,Leagues Cup,Seattle Sounders FC,6,6,0,0,16,2,14,18
2025,Leagues Cup,Inter Miami CF,6,5,0,1,12,9,3,15
2025,Leagues Cup,LA Galaxy,6,4,0,2,14,7,7,12
2025,Leagues Cup,Orlando City SC,6,3,0,3,11,8,3,9
2025,Leagues Cup,Toluca,4,3,0,1,6,4,2,9
2025,Leagues Cup,Portland Timbers,3,2,0,1,6,1,5,6
2025,Leagues Cup,FC Juarez,3,2,0,1,7,4,3,6
2025,Leagues Cup,Columbus Crew,3,2,0,1,6,3,3,6
2025,Leagues Cup,Tigres UANL,4,2,0,2,8,6,2,6
2025,Leagues Cup,Puebla,4,2,0,2,6,4,2,6
2025,Leagues Cup,Pachuca,4,2,0,2,7,6,1,6
2025,Leagues Cup,Real Salt Lake,3,2,0,1,5,4,1,6
2025,Leagues Cup,LAFC,3,2,0,1,4,3,1,6
2025,Leagues Cup,Red Bull New York,3,2,0,1,3,2,1,6
2025,Leagues Cup,América,3,2,0,1,6,6,0,6
2025,Leagues Cup,Guadalajara,3,2,0,1,4,4,0,6
2025,Leagues Cup,Mazatlán FC,3,2,0,1,3,3,0,6
2025,Leagues Cup,Pumas UNAM,3,2,0,1,5,6,-1,6
2025,Leagues Cup,Atlético de San Luis,3,2,0,1,4,6,-2,6
2025,Leagues Cup,Cruz Azul,3,2,0,1,3,10,-7,6
2025,Leagues Cup,Minnesota United FC,3,1,0,2,7,6,1,3
2025,Leagues Cup,Atlanta United FC,3,1,0,2,7,7,0,3
2025,Leagues Cup,FC Cincinnati,3,1,0,2,6,6,0,3
2025,Leagues Cup,Colorado Rapids,3,1,0,2,5,5,0,3
2025,Leagues Cup,San Diego FC,3,1,0,2,5,5,0,3
2025,Leagues Cup,Charlotte FC,3,1,0,2,5,6,-1,3
2025,Leagues Cup,Necaxa,3,1,0,2,6,8,-2,3
2025,Leagues Cup,CF Montréal,3,1,0,2,3,5,-2,3
2025,Leagues Cup,New York City FC,3,1,0,2,3,5,-2,3
2025,Leagues Cup,Tijuana,3,1,0,2,5,8,-3,3
2025,Leagues Cup,Monterrey,3,1,0,2,3,6,-3,3
2025,Leagues Cup,León,3,0,0,3,1,4,-3,0
2025,Leagues Cup,Querétaro,3,0,0,3,1,6,-5,0
2025,Leagues Cup,Atlas,3,0,0,3,3,9,-6,0
2025,Leagues Cup,Houston Dynamo FC,3,0,0,3,2,8,-6,0
2025,Leagues Cup,Santos,3,0,0,3,2,8,-6,0
2025,MLS,Inter Miami CF,40,24,8,8,101,60,41,80
2025,MLS,Vancouver Whitecaps,39,22,9,8,76,45,31,75
2025,MLS,San Diego FC,39,22,6,11,74,47,27,72
2025,MLS,Philadelphia Union,37,22,6,9,62,38,24,72
2025,MLS,FC Cincinnati,38,22,5,11,55,49,6,71
2025,MLS,LAFC,37,19,9,9,73,44,29,66
2025,MLS,New York City FC,39,20,5,14,56,50,6,65
2025,MLS,Minnesota United FC,38,18,10,10,61,47,14,64
2025,MLS,Charlotte FC,37,20,2,15,56,50,6,62
2025,MLS,Seattle Sounders FC,37,16,10,11,65,53,12,58
2025,MLS,Nashville SC,37,17,6,14,61,53,8,57
2025,MLS,Columbus Crew,37,15,12,10,60,54,6,57
2025,MLS,Chicago Fire FC,37,16,8,13,73,66,7,56
2025,MLS,Orlando City SC,35,14,11,10,64,54,10,53
2025,MLS,Portland Timbers,38,13,11,14,47,57,-10,50
2025,MLS,Austin FC,36,13,8,15,39,51,-12,47
2025,MLS,FC Dallas,36,11,11,14,53,59,-6,44
2025,MLS,Red Bull New York,34,12,7,15,48,47,1,43
2025,MLS,San Jose Earthquakes,34,11,8,15,60,63,-3,41
2025,MLS,Colorado Rapids,34,11,8,15,44,56,-12,41
2025,MLS,Real Salt Lake,35,12,5,18,39,52,-13,41
2025,MLS,Houston Dynamo FC,34,9,10,15,43,56,-13,37
2025,MLS,New England Revolution,34,9,9,16,44,51,-7,36
2025,MLS,Toronto FC,34,6,14,14,37,44,-7,32
2025,MLS,St. Louis CITY SC,34,8,8,18,44,58,-14,32
2025,MLS,LA Galaxy,34,7,9,18,46,66,-20,30
2025,MLS,Sporting Kansas City,34,7,7,20,46,70,-24,28
2025,MLS,Atlanta United FC,34,5,13,16,38,63,-25,28
2025,MLS,CF Montréal,34,6,10,18,34,60,-26,28
2025,MLS,D.C. United,34,5,11,18,30,66,-36,26
2025,MLS,MLS All-Stars,1,1,0,0,3,1,2,3
2025,MLS,Liga MX All-Stars,1,0,0,1,1,3,-2,0
2025-26,Liga MX,Toluca,41,22,11,8,78,41,37,77
2025-26,Liga MX,Cruz Azul,39,21,14,4,71,44,27,77
2025-26,Liga MX,Tigres UANL,41,20,12,9,75,42,33,72
2025-26,Liga MX,Guadalajara,37,20,6,11,65,45,20,66
2025-26,Liga MX,América,37,18,9,10,58,41,17,63
2025-26,Liga MX,Pachuca,37,17,8,12,51,43,8,59
2025-26,Liga MX,Pumas UNAM,36,15,13,8,62,48,14,58
2025-26,Liga MX,Monterrey,38,16,7,15,61,58,3,55
2025-26,Liga MX,Tijuana,37,13,14,10,54,46,8,53
2025-26,Liga MX,FC Juarez,38,12,10,16,57,66,-9,46
2025-26,Liga MX,Atlas,35,11,10,14,42,56,-14,43
2025-26,Liga MX,Querétaro,34,10,10,14,36,50,-14,40
2025-26,Liga MX,Necaxa,34,9,8,17,43,57,-14,35
2025-26,Liga MX,León,34,10,5,19,36,63,-27,35
2025-26,Liga MX,Atlético de San Luis,34,10,4,20,49,56,-7,34
2025-26,Liga MX,Santos,34,9,5,20,42,66,-24,32
2025-26,Liga MX,Mazatlán FC,34,6,11,17,42,66,-24,29
2025-26,Liga MX,Puebla,34,6,7,21,34,68,-34,25
2026,CONCACAF CL,LAFC,8,5,2,1,16,9,7,17
2026,CONCACAF CL,Tigres UANL,8,5,1,2,14,8,6,16
2026,CONCACAF CL,Toluca,6,4,0,2,18,7,11,12
2026,CONCACAF CL,Nashville SC,8,3,3,2,9,3,6,12
2026,CONCACAF CL,Cruz Azul,6,3,2,1,13,7,6,11
2026,CONCACAF CL,FC Cincinnati,4,3,0,1,17,5,12,9
2026,CONCACAF CL,Seattle Sounders FC,4,3,0,1,8,4,4,9
2026,CONCACAF CL,América,6,2,3,1,4,3,1,9
2026,CONCACAF CL,LA Galaxy,6,2,2,2,9,8,1,8
2026,CONCACAF CL,Philadelphia Union,4,2,1,1,13,2,11,7
2026,CONCACAF CL,San Diego FC,4,2,0,2,7,8,-1,6
2026,CONCACAF CL,Monterrey,4,1,2,1,6,5,1,5
2026,CONCACAF CL,Vancouver Whitecaps,4,1,1,2,3,5,-2,4
2026,CONCACAF CL,Pumas UNAM,2,1,0,1,2,4,-2,3
2026,CONCACAF CL,Inter Miami CF,2,0,2,0,1,1,0,2
2026,CONCACAF CL,Sporting San Miguelito,2,0,2,0,1,1,0,2
2026,CONCACAF CL,Alajuelense,2,0,1,1,2,3,-1,1
2026,CONCACAF CL,Olimpia,2,0,1,1,1,2,-1,1
2026,CONCACAF CL,Xelaju,2,0,1,1,1,3,-2,1
2026,CONCACAF CL,Cartagines,2,0,1,1,0,2,-2,1
2026,CONCACAF CL,Forge FC,2,0,1,1,1,4,-3,1
2026,CONCACAF CL,Real Espana,2,0,0,2,1,7,-6,0
2026,CONCACAF CL,Mount Pleasant FA,2,0,0,2,0,6,-6,0
2026,CONCACAF CL,Atlético Ottawa,2,0,0,2,0,7,-7,0
2026,CONCACAF CL,Vancouver FC,2,0,0,2,0,8,-8,0
2026,CONCACAF CL,Defense Force FC,2,0,0,2,0,12,-12,0
2026,CONCACAF CL,Universidad O&M,2,0,0,2,0,13,-13,0
2026,MLS,San Jose Earthquakes,11,9,1,1,26,7,19,28
2026,MLS,Vancouver Whitecaps,10,8,1,1,26,6,20,25
2026,MLS,Nashville SC,10,7,2,1,21,6,15,23
2026,MLS,Inter Miami CF,12,6,4,2,26,21,5,22
2026,MLS,LAFC,11,6,3,2,19,8,11,21
2026,MLS,Seattle Sounders FC,9,6,2,1,13,5,8,20
2026,MLS,Minnesota United FC,11,6,2,3,14,16,-2,20
2026,MLS,New England Revolution,10,6,1,3,18,12,6,19
2026,MLS,Real Salt Lake,10,6,1,3,19,14,5,19
2026,MLS,Chicago Fire FC,11,5,2,4,20,14,6,17
2026,MLS,FC Dallas,11,4,4,3,20,15,5,16
2026,MLS,D.C. United,11,4,3,4,13,15,-2,15
2026,MLS,FC Cincinnati,11,4,3,4,22,25,-3,15
2026,MLS,Houston Dynamo FC,10,5,0,5,13,18,-5,15
2026,MLS,Red Bull New York,12,4,3,5,19,28,-9,15
2026,MLS,Charlotte FC,11,4,2,5,18,19,-1,14
2026,MLS,Toronto FC,12,3,5,4,20,24,-4,14
2026,MLS,Colorado Rapids,11,4,1,6,22,19,3,13
2026,MLS,LA Galaxy,11,3,4,4,16,17,-1,13
2026,MLS,Austin FC,11,3,4,4,16,19,-3,13
2026,MLS,New York City FC,11,3,3,5,19,18,1,12
2026,MLS,San Diego FC,11,3,3,5,19,19,0,12
2026,MLS,Columbus Crew,11,3,3,5,16,16,0,12
2026,MLS,CF Montréal,11,4,0,7,16,23,-7,12
2026,MLS,Atlanta United FC,11,3,1,7,12,18,-6,10
2026,MLS,Portland Timbers,10,3,1,6,13,21,-8,10
2026,MLS,Orlando City SC,12,3,1,8,16,34,-18,10
2026,MLS,Philadelphia Union,11,1,3,7,9,17,-8,6
2026,MLS,St. Louis CITY SC,10,1,3,6,9,18,-9,6
2026,MLS,Sporting Kansas City,10,1,2,7,8,26,-18,5
